datetime,open,high,low,close,volume,oi,tradingsymbol,strike,type,expiry
2026-09-17 09:15:00+05:30,197.0,219.55,171.3,189.3,474825,830245,NIFTY 23150 CE 22 SEP 26,23150.0,CE,2026-09-22
2026-09-17 09:16:00+05:30,188.95,203.55,180.6,197.3,352300,890890,NIFTY 23150 CE 22 SEP 26,23150.0,CE,2026-09-22
2026-09-17 09:17:00+05:30,197.55,213.05,194.4,210.25,268320,890890,NIFTY 23150 CE 22 SEP 26,23150.0,CE,2026-09-22
2026-09-17 09:18:00+05:30,210.45,219.8,208.25,214.95,257270,903500,NIFTY 23150 CE 22 SEP 26,23150.0,CE,2026-09-22
2026-09-17 09:19:00+05:30,215.0,221.6,212.8,213.65,195325,982085,NIFTY 23150 CE 22 SEP 26,23150.0,CE,2026-09-22
2026-09-17 09:20:00+05:30,213.55,223.0,207.8,213.9,249860,982085,NIFTY 23150 CE 22 SEP 26,23150.0,CE,2026-09-22
2026-09-17 09:21:00+05:30,213.65,219.15,206.25,212.35,169455,1030770,NIFTY 23150 CE 22 SEP 26,23150.0,CE,2026-09-22
2026-09-17 09:22:00+05:30,211.6,212.4,201.75,202.5,115895,1045980,NIFTY 23150 CE 22 SEP 26,23150.0,CE,2026-09-22
2026-09-17 09:23:00+05:30,202.35,205.55,199.2,200.35,113945,1064310,NIFTY 23150 CE 22 SEP 26,23150.0,CE,2026-09-22
2026-09-17 09:24:00+05:30,200.0,201.7,191.3,192.55,150345,1091805,NIFTY 23150 CE 22 SEP 26,23150.0,CE,2026-09-22
2026-09-17 09:25:00+05:30,192.85,199.6,189.0,193.75,131365,1089465,NIFTY 23150 CE 22 SEP 26,23150.0,CE,2026-09-22
2026-09-17 09:26:00+05:30,193.7,198.95,192.0,196.85,83395,1124760,NIFTY 23150 CE 22 SEP 26,23150.0,CE,2026-09-22
2026-09-17 09:27:00+05:30,197.15,205.65,192.0,205.6,143845,1162135,NIFTY 23150 CE 22 SEP 26,23150.0,CE,2026-09-22
2026-09-17 09:28:00+05:30,205.05,211.0,203.15,207.6,193960,1162135,NIFTY 23150 CE 22 SEP 26,23150.0,CE,2026-09-22
2026-09-17 09:29:00+05:30,207.6,208.9,198.6,205.0,96655,1147380,NIFTY 23150 CE 22 SEP 26,23150.0,CE,2026-09-22
2026-09-17 09:30:00+05:30,205.0,211.0,201.0,207.9,153660,1152580,NIFTY 23150 CE 22 SEP 26,23150.0,CE,2026-09-22
2026-09-17 09:31:00+05:30,208.65,216.75,206.4,215.6,166335,1199120,NIFTY 23150 CE 22 SEP 26,23150.0,CE,2026-09-22
2026-09-17 09:32:00+05:30,215.15,225.55,212.15,222.9,294320,1155960,NIFTY 23150 CE 22 SEP 26,23150.0,CE,2026-09-22
2026-09-17 09:33:00+05:30,223.15,230.2,217.05,217.05,275210,1090505,NIFTY 23150 CE 22 SEP 26,23150.0,CE,2026-09-22
2026-09-17 09:34:00+05:30,217.2,225.8,215.55,222.6,109005,1026415,NIFTY 23150 CE 22 SEP 26,23150.0,CE,2026-09-22
2026-09-17 09:35:00+05:30,224.1,237.0,222.9,232.25,246545,1028430,NIFTY 23150 CE 22 SEP 26,23150.0,CE,2026-09-22
2026-09-17 09:36:00+05:30,232.5,235.45,226.2,227.75,132210,989430,NIFTY 23150 CE 22 SEP 26,23150.0,CE,2026-09-22
2026-09-17 09:37:00+05:30,226.8,235.2,225.0,228.65,81835,973310,NIFTY 23150 CE 22 SEP 26,23150.0,CE,2026-09-22
2026-09-17 09:38:00+05:30,228.3,230.95,220.7,221.25,103155,954330,NIFTY 23150 CE 22 SEP 26,23150.0,CE,2026-09-22
2026-09-17 09:39:00+05:30,221.15,221.15,214.85,216.6,129480,954330,NIFTY 23150 CE 22 SEP 26,23150.0,CE,2026-09-22
2026-09-17 09:40:00+05:30,216.2,217.65,209.8,215.05,108420,984880,NIFTY 23150 CE 22 SEP 26,23150.0,CE,2026-09-22
2026-09-17 09:41:00+05:30,214.65,215.3,205.5,205.9,96655,986180,NIFTY 23150 CE 22 SEP 26,23150.0,CE,2026-09-22
2026-09-17 09:42:00+05:30,205.45,205.45,190.8,191.85,175370,1007890,NIFTY 23150 CE 22 SEP 26,23150.0,CE,2026-09-22
2026-09-17 09:43:00+05:30,192.2,199.8,187.1,197.25,214565,1014195,NIFTY 23150 CE 22 SEP 26,23150.0,CE,2026-09-22
2026-09-17 09:44:00+05:30,197.45,202.0,191.55,200.65,85475,1044160,NIFTY 23150 CE 22 SEP 26,23150.0,CE,2026-09-22
2026-09-17 09:45:00+05:30,200.1,204.6,195.0,196.0,147290,1075360,NIFTY 23150 CE 22 SEP 26,23150.0,CE,2026-09-22
2026-09-17 09:46:00+05:30,196.2,199.85,193.55,199.1,48620,1075360,NIFTY 23150 CE 22 SEP 26,23150.0,CE,2026-09-22
2026-09-17 09:47:00+05:30,198.9,205.0,198.05,202.75,87230,1089725,NIFTY 23150 CE 22 SEP 26,23150.0,CE,2026-09-22
2026-09-17 09:48:00+05:30,202.15,208.15,199.65,206.4,100945,1088425,NIFTY 23150 CE 22 SEP 26,23150.0,CE,2026-09-22
2026-09-17 09:49:00+05:30,206.6,211.5,205.75,206.75,116285,1111435,NIFTY 23150 CE 22 SEP 26,23150.0,CE,2026-09-22
2026-09-17 09:50:00+05:30,206.05,209.0,203.5,208.05,69355,1113060,NIFTY 23150 CE 22 SEP 26,23150.0,CE,2026-09-22
2026-09-17 09:51:00+05:30,208.2,211.0,207.45,210.2,66235,1142310,NIFTY 23150 CE 22 SEP 26,23150.0,CE,2026-09-22
2026-09-17 09:52:00+05:30,210.0,218.55,208.6,214.95,132990,1162135,NIFTY 23150 CE 22 SEP 26,23150.0,CE,2026-09-22
2026-09-17 09:53:00+05:30,214.75,216.9,212.0,215.0,66105,1154335,NIFTY 23150 CE 22 SEP 26,23150.0,CE,2026-09-22
2026-09-17 09:54:00+05:30,214.8,221.55,214.8,219.05,121355,1142505,NIFTY 23150 CE 22 SEP 26,23150.0,CE,2026-09-22
2026-09-17 09:55:00+05:30,218.9,224.5,215.0,220.5,93665,1117545,NIFTY 23150 CE 22 SEP 26,23150.0,CE,2026-09-22
2026-09-17 09:56:00+05:30,220.6,221.15,213.85,216.95,149695,1100905,NIFTY 23150 CE 22 SEP 26,23150.0,CE,2026-09-22
2026-09-17 09:57:00+05:30,217.0,223.65,214.05,222.1,80600,1073410,NIFTY 23150 CE 22 SEP 26,23150.0,CE,2026-09-22
2026-09-17 09:58:00+05:30,221.55,225.4,220.0,220.65,113685,1079065,NIFTY 23150 CE 22 SEP 26,23150.0,CE,2026-09-22
2026-09-17 09:59:00+05:30,221.4,226.0,220.1,221.5,46280,1034085,NIFTY 23150 CE 22 SEP 26,23150.0,CE,2026-09-22
2026-09-17 10:00:00+05:30,221.65,223.35,216.7,219.6,70005,1026220,NIFTY 23150 CE 22 SEP 26,23150.0,CE,2026-09-22
2026-09-17 10:01:00+05:30,219.55,225.1,219.1,224.05,35945,1017120,NIFTY 23150 CE 22 SEP 26,23150.0,CE,2026-09-22
2026-09-17 10:02:00+05:30,224.0,229.0,223.7,227.55,95875,1021475,NIFTY 23150 CE 22 SEP 26,23150.0,CE,2026-09-22
2026-09-17 10:03:00+05:30,228.15,231.1,222.15,225.9,95940,984620,NIFTY 23150 CE 22 SEP 26,23150.0,CE,2026-09-22
2026-09-17 10:04:00+05:30,226.15,229.0,224.9,228.2,103415,970775,NIFTY 23150 CE 22 SEP 26,23150.0,CE,2026-09-22
2026-09-17 10:05:00+05:30,227.8,244.15,227.45,235.5,348595,1003730,NIFTY 23150 CE 22 SEP 26,23150.0,CE,2026-09-22
2026-09-17 10:06:00+05:30,236.2,244.0,235.0,238.3,117000,865930,NIFTY 23150 CE 22 SEP 26,23150.0,CE,2026-09-22
2026-09-17 10:07:00+05:30,239.25,239.35,233.6,237.3,61880,826020,NIFTY 23150 CE 22 SEP 26,23150.0,CE,2026-09-22
2026-09-17 10:08:00+05:30,237.75,241.85,235.7,239.5,72475,817375,NIFTY 23150 CE 22 SEP 26,23150.0,CE,2026-09-22
2026-09-17 10:09:00+05:30,239.25,242.7,237.3,242.2,65650,839995,NIFTY 23150 CE 22 SEP 26,23150.0,CE,2026-09-22
2026-09-17 10:10:00+05:30,242.3,249.95,240.9,249.3,124280,819975,NIFTY 23150 CE 22 SEP 26,23150.0,CE,2026-09-22
2026-09-17 10:11:00+05:30,249.65,254.9,245.0,251.2,109200,774605,NIFTY 23150 CE 22 SEP 26,23150.0,CE,2026-09-22
2026-09-17 10:12:00+05:30,250.7,254.85,248.1,249.3,76245,760110,NIFTY 23150 CE 22 SEP 26,23150.0,CE,2026-09-22
2026-09-17 10:13:00+05:30,248.8,252.95,246.3,249.85,41275,741715,NIFTY 23150 CE 22 SEP 26,23150.0,CE,2026-09-22
2026-09-17 10:14:00+05:30,248.9,249.6,244.5,246.5,40300,734565,NIFTY 23150 CE 22 SEP 26,23150.0,CE,2026-09-22
2026-09-17 10:15:00+05:30,246.9,253.6,245.85,245.85,44460,722345,NIFTY 23150 CE 22 SEP 26,23150.0,CE,2026-09-22
2026-09-17 10:16:00+05:30,246.1,249.25,243.8,245.9,45045,721825,NIFTY 23150 CE 22 SEP 26,23150.0,CE,2026-09-22
2026-09-17 10:17:00+05:30,245.4,246.2,239.9,240.0,40300,720460,NIFTY 23150 CE 22 SEP 26,23150.0,CE,2026-09-22
2026-09-17 10:18:00+05:30,239.4,242.0,237.0,239.35,48620,716105,NIFTY 23150 CE 22 SEP 26,23150.0,CE,2026-09-22
2026-09-17 10:19:00+05:30,239.2,240.7,234.6,235.5,24570,722930,NIFTY 23150 CE 22 SEP 26,23150.0,CE,2026-09-22
2026-09-17 10:20:00+05:30,234.7,238.05,232.35,238.05,40950,716430,NIFTY 23150 CE 22 SEP 26,23150.0,CE,2026-09-22
2026-09-17 10:21:00+05:30,237.8,240.5,234.5,235.05,34840,731770,NIFTY 23150 CE 22 SEP 26,23150.0,CE,2026-09-22
2026-09-17 10:22:00+05:30,235.0,235.95,230.65,231.2,30485,733070,NIFTY 23150 CE 22 SEP 26,23150.0,CE,2026-09-22
2026-09-17 10:23:00+05:30,231.05,232.35,227.25,227.45,92950,749645,NIFTY 23150 CE 22 SEP 26,23150.0,CE,2026-09-22
2026-09-17 10:24:00+05:30,227.65,230.0,225.85,226.5,49920,766740,NIFTY 23150 CE 22 SEP 26,23150.0,CE,2026-09-22
2026-09-17 10:25:00+05:30,225.7,228.0,222.9,225.55,50375,748085,NIFTY 23150 CE 22 SEP 26,23150.0,CE,2026-09-22
2026-09-17 10:26:00+05:30,225.6,226.95,222.45,226.4,28340,749645,NIFTY 23150 CE 22 SEP 26,23150.0,CE,2026-09-22
2026-09-17 10:27:00+05:30,226.8,230.8,226.0,227.2,42640,753675,NIFTY 23150 CE 22 SEP 26,23150.0,CE,2026-09-22
2026-09-17 10:28:00+05:30,227.75,229.15,225.0,225.25,18590,764140,NIFTY 23150 CE 22 SEP 26,23150.0,CE,2026-09-22
2026-09-17 10:29:00+05:30,225.6,230.3,224.0,228.25,28860,758095,NIFTY 23150 CE 22 SEP 26,23150.0,CE,2026-09-22
2026-09-17 10:30:00+05:30,229.45,229.85,225.25,226.0,13130,762580,NIFTY 23150 CE 22 SEP 26,23150.0,CE,2026-09-22
2026-09-17 10:31:00+05:30,225.65,225.7,216.7,219.25,78455,776555,NIFTY 23150 CE 22 SEP 26,23150.0,CE,2026-09-22
2026-09-17 10:32:00+05:30,219.25,222.5,218.9,219.45,22490,788060,NIFTY 23150 CE 22 SEP 26,23150.0,CE,2026-09-22
2026-09-17 10:33:00+05:30,219.0,219.55,216.7,217.7,24830,788905,NIFTY 23150 CE 22 SEP 26,23150.0,CE,2026-09-22
2026-09-17 10:34:00+05:30,217.7,219.2,213.45,214.65,50960,795015,NIFTY 23150 CE 22 SEP 26,23150.0,CE,2026-09-22
2026-09-17 10:35:00+05:30,214.7,223.9,211.2,223.75,81965,794235,NIFTY 23150 CE 22 SEP 26,23150.0,CE,2026-09-22
2026-09-17 10:36:00+05:30,223.7,229.1,221.5,228.45,77285,801580,NIFTY 23150 CE 22 SEP 26,23150.0,CE,2026-09-22
2026-09-17 10:37:00+05:30,228.7,229.4,222.9,222.95,43030,828620,NIFTY 23150 CE 22 SEP 26,23150.0,CE,2026-09-22
2026-09-17 10:38:00+05:30,223.25,224.0,216.75,218.85,36725,823550,NIFTY 23150 CE 22 SEP 26,23150.0,CE,2026-09-22
2026-09-17 10:39:00+05:30,218.4,221.15,216.5,216.5,11960,827710,NIFTY 23150 CE 22 SEP 26,23150.0,CE,2026-09-22
2026-09-17 10:40:00+05:30,216.75,218.3,214.05,214.8,22100,829335,NIFTY 23150 CE 22 SEP 26,23150.0,CE,2026-09-22
2026-09-17 10:41:00+05:30,214.5,217.2,213.7,214.15,20150,830245,NIFTY 23150 CE 22 SEP 26,23150.0,CE,2026-09-22
2026-09-17 10:42:00+05:30,213.6,214.0,206.5,210.15,87165,838045,NIFTY 23150 CE 22 SEP 26,23150.0,CE,2026-09-22
2026-09-17 10:43:00+05:30,209.75,216.2,208.35,210.4,51740,835445,NIFTY 23150 CE 22 SEP 26,23150.0,CE,2026-09-22
2026-09-17 10:44:00+05:30,210.4,212.0,207.25,207.95,35555,845065,NIFTY 23150 CE 22 SEP 26,23150.0,CE,2026-09-22
2026-09-17 10:45:00+05:30,207.5,207.65,203.0,205.45,66040,878020,NIFTY 23150 CE 22 SEP 26,23150.0,CE,2026-09-22
2026-09-17 10:46:00+05:30,205.6,209.9,205.25,208.75,32825,885170,NIFTY 23150 CE 22 SEP 26,23150.0,CE,2026-09-22
2026-09-17 10:47:00+05:30,208.4,214.3,208.4,211.25,62075,901680,NIFTY 23150 CE 22 SEP 26,23150.0,CE,2026-09-22
2026-09-17 10:48:00+05:30,211.15,211.6,206.6,209.1,27625,921570,NIFTY 23150 CE 22 SEP 26,23150.0,CE,2026-09-22
2026-09-17 10:49:00+05:30,207.9,208.9,205.9,207.0,39065,926640,NIFTY 23150 CE 22 SEP 26,23150.0,CE,2026-09-22
2026-09-17 10:50:00+05:30,207.0,210.35,206.3,210.3,31395,923065,NIFTY 23150 CE 22 SEP 26,23150.0,CE,2026-09-22
2026-09-17 10:51:00+05:30,209.9,212.8,206.25,210.85,28145,928980,NIFTY 23150 CE 22 SEP 26,23150.0,CE,2026-09-22
2026-09-17 10:52:00+05:30,211.65,212.1,206.35,207.0,29900,943345,NIFTY 23150 CE 22 SEP 26,23150.0,CE,2026-09-22
2026-09-17 10:53:00+05:30,207.3,211.05,206.45,207.75,17420,945750,NIFTY 23150 CE 22 SEP 26,23150.0,CE,2026-09-22
2026-09-17 10:54:00+05:30,207.55,209.1,205.0,208.65,30030,956605,NIFTY 23150 CE 22 SEP 26,23150.0,CE,2026-09-22
2026-09-17 10:55:00+05:30,208.9,210.55,207.0,209.7,46670,973440,NIFTY 23150 CE 22 SEP 26,23150.0,CE,2026-09-22
2026-09-17 10:56:00+05:30,210.0,213.0,209.9,212.4,61945,980460,NIFTY 23150 CE 22 SEP 26,23150.0,CE,2026-09-22
2026-09-17 10:57:00+05:30,212.65,217.85,212.65,213.05,103740,951990,NIFTY 23150 CE 22 SEP 26,23150.0,CE,2026-09-22
2026-09-17 10:58:00+05:30,213.3,214.5,208.0,208.4,33475,955110,NIFTY 23150 CE 22 SEP 26,23150.0,CE,2026-09-22
2026-09-17 10:59:00+05:30,208.7,209.85,203.4,204.9,33800,955305,NIFTY 23150 CE 22 SEP 26,23150.0,CE,2026-09-22
2026-09-17 11:00:00+05:30,204.8,205.2,199.4,199.75,100230,934180,NIFTY 23150 CE 22 SEP 26,23150.0,CE,2026-09-22
2026-09-17 11:01:00+05:30,199.2,201.0,195.3,199.55,55770,934830,NIFTY 23150 CE 22 SEP 26,23150.0,CE,2026-09-22
2026-09-17 11:02:00+05:30,199.5,202.05,197.6,199.0,41275,946985,NIFTY 23150 CE 22 SEP 26,23150.0,CE,2026-09-22
2026-09-17 11:03:00+05:30,198.4,198.6,186.7,189.2,126295,956085,NIFTY 23150 CE 22 SEP 26,23150.0,CE,2026-09-22
2026-09-17 11:04:00+05:30,189.45,189.7,185.0,185.9,114010,1001715,NIFTY 23150 CE 22 SEP 26,23150.0,CE,2026-09-22
2026-09-17 11:05:00+05:30,186.0,186.05,181.05,182.55,105950,1042860,NIFTY 23150 CE 22 SEP 26,23150.0,CE,2026-09-22
2026-09-17 11:06:00+05:30,182.45,184.25,173.55,179.85,151775,1045850,NIFTY 23150 CE 22 SEP 26,23150.0,CE,2026-09-22
2026-09-17 11:07:00+05:30,179.4,180.25,173.9,174.2,73905,1073540,NIFTY 23150 CE 22 SEP 26,23150.0,CE,2026-09-22
2026-09-17 11:08:00+05:30,174.0,177.9,171.6,174.1,93795,1112995,NIFTY 23150 CE 22 SEP 26,23150.0,CE,2026-09-22
2026-09-17 11:09:00+05:30,173.45,179.9,172.8,175.65,88855,1112995,NIFTY 23150 CE 22 SEP 26,23150.0,CE,2026-09-22
2026-09-17 11:10:00+05:30,175.35,177.75,171.35,171.9,82420,1133275,NIFTY 23150 CE 22 SEP 26,23150.0,CE,2026-09-22
2026-09-17 11:11:00+05:30,171.9,176.75,171.5,172.05,75985,1151215,NIFTY 23150 CE 22 SEP 26,23150.0,CE,2026-09-22
2026-09-17 11:12:00+05:30,171.65,177.55,171.65,177.45,63830,1167270,NIFTY 23150 CE 22 SEP 26,23150.0,CE,2026-09-22
2026-09-17 11:13:00+05:30,177.9,180.6,176.65,180.15,117650,1191385,NIFTY 23150 CE 22 SEP 26,23150.0,CE,2026-09-22
2026-09-17 11:14:00+05:30,180.1,183.6,177.95,178.5,117065,1214265,NIFTY 23150 CE 22 SEP 26,23150.0,CE,2026-09-22
2026-09-17 11:15:00+05:30,178.85,183.8,178.5,182.35,84305,1225445,NIFTY 23150 CE 22 SEP 26,23150.0,CE,2026-09-22
2026-09-17 11:16:00+05:30,183.0,184.3,180.2,182.9,42575,1217515,NIFTY 23150 CE 22 SEP 26,23150.0,CE,2026-09-22
2026-09-17 11:17:00+05:30,182.75,189.4,181.7,188.3,126100,1214200,NIFTY 23150 CE 22 SEP 26,23150.0,CE,2026-09-22
2026-09-17 11:18:00+05:30,188.25,191.3,187.35,190.25,111930,1207765,NIFTY 23150 CE 22 SEP 26,23150.0,CE,2026-09-22
2026-09-17 11:19:00+05:30,190.75,193.6,189.65,192.55,90350,1183195,NIFTY 23150 CE 22 SEP 26,23150.0,CE,2026-09-22
2026-09-17 11:20:00+05:30,192.95,196.9,192.55,195.2,97695,1168960,NIFTY 23150 CE 22 SEP 26,23150.0,CE,2026-09-22
2026-09-17 11:21:00+05:30,196.0,200.25,192.8,192.8,119925,1161940,NIFTY 23150 CE 22 SEP 26,23150.0,CE,2026-09-22
2026-09-17 11:22:00+05:30,192.95,194.5,187.85,190.0,106795,1126840,NIFTY 23150 CE 22 SEP 26,23150.0,CE,2026-09-22
2026-09-17 11:23:00+05:30,190.45,195.0,188.3,194.3,53105,1123265,NIFTY 23150 CE 22 SEP 26,23150.0,CE,2026-09-22
2026-09-17 11:24:00+05:30,194.35,195.75,192.45,194.65,37115,1123070,NIFTY 23150 CE 22 SEP 26,23150.0,CE,2026-09-22
2026-09-17 11:25:00+05:30,194.5,196.8,192.65,195.5,44070,1121185,NIFTY 23150 CE 22 SEP 26,23150.0,CE,2026-09-22
2026-09-17 11:26:00+05:30,195.75,196.5,190.0,191.05,51870,1120925,NIFTY 23150 CE 22 SEP 26,23150.0,CE,2026-09-22
2026-09-17 11:27:00+05:30,190.9,191.6,187.0,188.2,53820,1107145,NIFTY 23150 CE 22 SEP 26,23150.0,CE,2026-09-22
2026-09-17 11:28:00+05:30,188.2,191.25,185.9,190.4,36790,1107535,NIFTY 23150 CE 22 SEP 26,23150.0,CE,2026-09-22
2026-09-17 11:29:00+05:30,190.45,194.05,190.15,191.15,30810,1110655,NIFTY 23150 CE 22 SEP 26,23150.0,CE,2026-09-22
2026-09-17 11:30:00+05:30,190.95,191.6,184.65,188.0,61880,1124890,NIFTY 23150 CE 22 SEP 26,23150.0,CE,2026-09-22
2026-09-17 11:31:00+05:30,187.8,192.6,187.05,192.0,66105,1143545,NIFTY 23150 CE 22 SEP 26,23150.0,CE,2026-09-22
2026-09-17 11:32:00+05:30,192.45,198.35,191.6,197.05,130130,1115790,NIFTY 23150 CE 22 SEP 26,23150.0,CE,2026-09-22
2026-09-17 11:33:00+05:30,197.35,198.2,191.65,194.0,47710,1115790,NIFTY 23150 CE 22 SEP 26,23150.0,CE,2026-09-22
2026-09-17 11:34:00+05:30,193.1,197.15,192.9,196.25,27625,1120600,NIFTY 23150 CE 22 SEP 26,23150.0,CE,2026-09-22
2026-09-17 11:35:00+05:30,195.5,195.8,190.65,192.65,21125,1120795,NIFTY 23150 CE 22 SEP 26,23150.0,CE,2026-09-22
2026-09-17 11:36:00+05:30,192.25,197.35,192.05,194.6,32825,1119170,NIFTY 23150 CE 22 SEP 26,23150.0,CE,2026-09-22
2026-09-17 11:37:00+05:30,194.1,196.25,191.4,195.0,28015,1116180,NIFTY 23150 CE 22 SEP 26,23150.0,CE,2026-09-22
2026-09-17 11:38:00+05:30,194.9,197.6,193.4,194.2,32045,1117220,NIFTY 23150 CE 22 SEP 26,23150.0,CE,2026-09-22
2026-09-17 11:39:00+05:30,194.0,197.0,193.0,197.0,32305,1114815,NIFTY 23150 CE 22 SEP 26,23150.0,CE,2026-09-22
2026-09-17 11:40:00+05:30,196.85,200.15,196.25,199.75,86190,1119105,NIFTY 23150 CE 22 SEP 26,23150.0,CE,2026-09-22
2026-09-17 11:41:00+05:30,199.25,203.0,198.2,198.9,85605,1132105,NIFTY 23150 CE 22 SEP 26,23150.0,CE,2026-09-22
2026-09-17 11:42:00+05:30,198.8,206.55,198.0,204.45,124930,1110720,NIFTY 23150 CE 22 SEP 26,23150.0,CE,2026-09-22
2026-09-17 11:43:00+05:30,204.65,213.0,203.55,209.45,175240,1052545,NIFTY 23150 CE 22 SEP 26,23150.0,CE,2026-09-22
2026-09-17 11:44:00+05:30,209.25,214.1,207.35,210.2,135330,1052545,NIFTY 23150 CE 22 SEP 26,23150.0,CE,2026-09-22
2026-09-17 11:45:00+05:30,210.7,214.6,205.95,206.95,164580,1074320,NIFTY 23150 CE 22 SEP 26,23150.0,CE,2026-09-22
2026-09-17 11:46:00+05:30,207.5,208.75,202.15,202.15,80795,1062100,NIFTY 23150 CE 22 SEP 26,23150.0,CE,2026-09-22
2026-09-17 11:47:00+05:30,202.2,208.4,200.75,207.35,53105,1056380,NIFTY 23150 CE 22 SEP 26,23150.0,CE,2026-09-22
2026-09-17 11:48:00+05:30,208.05,209.5,206.45,207.5,39520,1061125,NIFTY 23150 CE 22 SEP 26,23150.0,CE,2026-09-22
2026-09-17 11:49:00+05:30,207.75,210.0,207.5,208.55,25480,1065025,NIFTY 23150 CE 22 SEP 26,23150.0,CE,2026-09-22
2026-09-17 11:50:00+05:30,209.9,211.7,206.05,211.65,42705,1062230,NIFTY 23150 CE 22 SEP 26,23150.0,CE,2026-09-22
2026-09-17 11:51:00+05:30,211.65,220.5,211.65,218.25,148720,1061190,NIFTY 23150 CE 22 SEP 26,23150.0,CE,2026-09-22
2026-09-17 11:52:00+05:30,218.8,225.4,215.9,220.95,145275,1048710,NIFTY 23150 CE 22 SEP 26,23150.0,CE,2026-09-22
2026-09-17 11:53:00+05:30,221.55,222.0,213.15,214.05,92560,1043120,NIFTY 23150 CE 22 SEP 26,23150.0,CE,2026-09-22
2026-09-17 11:54:00+05:30,213.5,219.9,213.45,218.4,44460,1033955,NIFTY 23150 CE 22 SEP 26,23150.0,CE,2026-09-22
2026-09-17 11:55:00+05:30,219.15,221.7,217.7,219.45,53365,1043120,NIFTY 23150 CE 22 SEP 26,23150.0,CE,2026-09-22
2026-09-17 11:56:00+05:30,219.55,227.15,219.55,225.6,134160,969085,NIFTY 23150 CE 22 SEP 26,23150.0,CE,2026-09-22
2026-09-17 11:57:00+05:30,227.0,239.05,226.0,235.95,169715,969085,NIFTY 23150 CE 22 SEP 26,23150.0,CE,2026-09-22
2026-09-17 11:58:00+05:30,235.5,236.45,228.45,233.8,77415,955955,NIFTY 23150 CE 22 SEP 26,23150.0,CE,2026-09-22
2026-09-17 11:59:00+05:30,233.15,243.7,231.5,242.85,76115,931840,NIFTY 23150 CE 22 SEP 26,23150.0,CE,2026-09-22
2026-09-17 12:00:00+05:30,242.95,248.35,237.35,238.4,174980,886665,NIFTY 23150 CE 22 SEP 26,23150.0,CE,2026-09-22
2026-09-17 12:01:00+05:30,238.55,245.2,237.45,239.5,58045,874770,NIFTY 23150 CE 22 SEP 26,23150.0,CE,2026-09-22
2026-09-17 12:02:00+05:30,240.0,243.6,238.1,239.9,45045,866060,NIFTY 23150 CE 22 SEP 26,23150.0,CE,2026-09-22
2026-09-17 12:03:00+05:30,240.2,241.5,234.6,234.6,43680,864370,NIFTY 23150 CE 22 SEP 26,23150.0,CE,2026-09-22
2026-09-17 12:04:00+05:30,234.9,237.2,231.55,235.9,37440,853320,NIFTY 23150 CE 22 SEP 26,23150.0,CE,2026-09-22
2026-09-17 12:05:00+05:30,236.5,241.45,234.3,241.4,37375,853320,NIFTY 23150 CE 22 SEP 26,23150.0,CE,2026-09-22
2026-09-17 12:06:00+05:30,241.55,254.8,241.55,251.95,118365,836095,NIFTY 23150 CE 22 SEP 26,23150.0,CE,2026-09-22
2026-09-17 12:07:00+05:30,252.1,272.2,252.1,264.4,165100,796055,NIFTY 23150 CE 22 SEP 26,23150.0,CE,2026-09-22
2026-09-17 12:08:00+05:30,264.8,267.6,260.35,265.5,65455,800995,NIFTY 23150 CE 22 SEP 26,23150.0,CE,2026-09-22
2026-09-17 12:09:00+05:30,264.75,268.9,261.75,262.9,74360,777725,NIFTY 23150 CE 22 SEP 26,23150.0,CE,2026-09-22
2026-09-17 12:10:00+05:30,262.65,265.55,260.15,263.8,28860,773565,NIFTY 23150 CE 22 SEP 26,23150.0,CE,2026-09-22
2026-09-17 12:11:00+05:30,263.35,275.45,261.95,266.85,71370,768430,NIFTY 23150 CE 22 SEP 26,23150.0,CE,2026-09-22
2026-09-17 12:12:00+05:30,267.6,271.55,264.85,266.7,41210,769730,NIFTY 23150 CE 22 SEP 26,23150.0,CE,2026-09-22
2026-09-17 12:13:00+05:30,267.05,268.85,262.85,267.2,24570,769340,NIFTY 23150 CE 22 SEP 26,23150.0,CE,2026-09-22
2026-09-17 12:14:00+05:30,267.2,270.4,263.0,265.0,33215,775515,NIFTY 23150 CE 22 SEP 26,23150.0,CE,2026-09-22
2026-09-17 12:15:00+05:30,264.85,268.45,258.0,260.7,40625,764985,NIFTY 23150 CE 22 SEP 26,23150.0,CE,2026-09-22
2026-09-17 12:16:00+05:30,261.2,268.3,260.65,264.25,20280,768300,NIFTY 23150 CE 22 SEP 26,23150.0,CE,2026-09-22
2026-09-17 12:17:00+05:30,265.1,272.45,265.1,270.15,29510,769470,NIFTY 23150 CE 22 SEP 26,23150.0,CE,2026-09-22
2026-09-17 12:18:00+05:30,270.4,276.15,268.4,269.65,57525,756405,NIFTY 23150 CE 22 SEP 26,23150.0,CE,2026-09-22
2026-09-17 12:19:00+05:30,269.8,270.7,267.6,268.4,10595,757445,NIFTY 23150 CE 22 SEP 26,23150.0,CE,2026-09-22
2026-09-17 12:20:00+05:30,268.75,269.8,266.0,267.1,25480,760890,NIFTY 23150 CE 22 SEP 26,23150.0,CE,2026-09-22
2026-09-17 12:21:00+05:30,267.2,270.0,265.55,268.4,20280,760240,NIFTY 23150 CE 22 SEP 26,23150.0,CE,2026-09-22
2026-09-17 12:22:00+05:30,268.5,281.3,268.5,277.0,49270,751985,NIFTY 23150 CE 22 SEP 26,23150.0,CE,2026-09-22
2026-09-17 12:23:00+05:30,278.95,285.3,278.05,281.45,52585,752765,NIFTY 23150 CE 22 SEP 26,23150.0,CE,2026-09-22
2026-09-17 12:24:00+05:30,282.4,282.4,274.1,275.4,24115,748605,NIFTY 23150 CE 22 SEP 26,23150.0,CE,2026-09-22
2026-09-17 12:25:00+05:30,275.35,276.0,269.8,270.95,35360,741910,NIFTY 23150 CE 22 SEP 26,23150.0,CE,2026-09-22
2026-09-17 12:26:00+05:30,270.9,272.4,267.0,268.75,13520,736710,NIFTY 23150 CE 22 SEP 26,23150.0,CE,2026-09-22
2026-09-17 12:27:00+05:30,268.0,272.2,266.5,268.45,19435,732875,NIFTY 23150 CE 22 SEP 26,23150.0,CE,2026-09-22
2026-09-17 12:28:00+05:30,268.6,272.0,266.15,270.6,8515,730925,NIFTY 23150 CE 22 SEP 26,23150.0,CE,2026-09-22
2026-09-17 12:29:00+05:30,270.25,272.9,269.3,269.65,19695,737490,NIFTY 23150 CE 22 SEP 26,23150.0,CE,2026-09-22
2026-09-17 12:30:00+05:30,268.6,271.0,263.8,263.9,22945,741780,NIFTY 23150 CE 22 SEP 26,23150.0,CE,2026-09-22
2026-09-17 12:31:00+05:30,264.6,266.25,262.0,263.6,18005,737880,NIFTY 23150 CE 22 SEP 26,23150.0,CE,2026-09-22
2026-09-17 12:32:00+05:30,264.65,267.5,264.65,266.05,10465,737880,NIFTY 23150 CE 22 SEP 26,23150.0,CE,2026-09-22
2026-09-17 12:33:00+05:30,266.3,270.85,265.45,268.75,14040,742235,NIFTY 23150 CE 22 SEP 26,23150.0,CE,2026-09-22
2026-09-17 12:34:00+05:30,269.85,270.0,266.65,268.5,7670,745680,NIFTY 23150 CE 22 SEP 26,23150.0,CE,2026-09-22
2026-09-17 12:35:00+05:30,269.25,275.0,269.05,270.9,12545,745680,NIFTY 23150 CE 22 SEP 26,23150.0,CE,2026-09-22
2026-09-17 12:36:00+05:30,272.85,277.85,272.85,275.7,16510,746005,NIFTY 23150 CE 22 SEP 26,23150.0,CE,2026-09-22
2026-09-17 12:37:00+05:30,276.7,281.0,276.6,279.15,34320,741910,NIFTY 23150 CE 22 SEP 26,23150.0,CE,2026-09-22
2026-09-17 12:38:00+05:30,279.7,282.8,277.35,279.7,17225,741910,NIFTY 23150 CE 22 SEP 26,23150.0,CE,2026-09-22
2026-09-17 12:39:00+05:30,280.25,280.7,276.0,278.15,21450,744445,NIFTY 23150 CE 22 SEP 26,23150.0,CE,2026-09-22
2026-09-17 12:40:00+05:30,278.75,280.95,275.2,278.85,11505,749060,NIFTY 23150 CE 22 SEP 26,23150.0,CE,2026-09-22
2026-09-17 12:41:00+05:30,279.7,280.3,276.0,276.9,8710,748865,NIFTY 23150 CE 22 SEP 26,23150.0,CE,2026-09-22
2026-09-17 12:42:00+05:30,277.5,280.0,275.5,275.75,5005,750165,NIFTY 23150 CE 22 SEP 26,23150.0,CE,2026-09-22
2026-09-17 12:43:00+05:30,276.0,276.65,269.85,270.2,17745,748215,NIFTY 23150 CE 22 SEP 26,23150.0,CE,2026-09-22
2026-09-17 12:44:00+05:30,270.2,270.2,265.2,267.65,19305,742105,NIFTY 23150 CE 22 SEP 26,23150.0,CE,2026-09-22
2026-09-17 12:45:00+05:30,267.25,268.55,265.35,266.7,8905,740545,NIFTY 23150 CE 22 SEP 26,23150.0,CE,2026-09-22
2026-09-17 12:46:00+05:30,267.0,269.6,264.45,268.15,11375,742300,NIFTY 23150 CE 22 SEP 26,23150.0,CE,2026-09-22
2026-09-17 12:47:00+05:30,268.2,269.25,261.15,262.4,13130,745030,NIFTY 23150 CE 22 SEP 26,23150.0,CE,2026-09-22
2026-09-17 12:48:00+05:30,261.6,261.6,257.25,257.85,25350,741650,NIFTY 23150 CE 22 SEP 26,23150.0,CE,2026-09-22
2026-09-17 12:49:00+05:30,258.0,260.05,254.95,256.3,25090,735605,NIFTY 23150 CE 22 SEP 26,23150.0,CE,2026-09-22
2026-09-17 12:50:00+05:30,256.6,260.45,253.25,259.8,17940,736190,NIFTY 23150 CE 22 SEP 26,23150.0,CE,2026-09-22
2026-09-17 12:51:00+05:30,260.45,261.6,256.25,258.2,9425,732420,NIFTY 23150 CE 22 SEP 26,23150.0,CE,2026-09-22
2026-09-17 12:52:00+05:30,256.0,261.8,256.0,258.4,5785,734370,NIFTY 23150 CE 22 SEP 26,23150.0,CE,2026-09-22
2026-09-17 12:53:00+05:30,258.65,263.55,258.1,263.05,12740,735540,NIFTY 23150 CE 22 SEP 26,23150.0,CE,2026-09-22
2026-09-17 12:54:00+05:30,262.45,266.85,260.5,261.0,15535,739635,NIFTY 23150 CE 22 SEP 26,23150.0,CE,2026-09-22
2026-09-17 12:55:00+05:30,261.3,262.0,257.3,260.35,13910,741195,NIFTY 23150 CE 22 SEP 26,23150.0,CE,2026-09-22
2026-09-17 12:56:00+05:30,260.8,263.6,258.6,259.2,7215,742365,NIFTY 23150 CE 22 SEP 26,23150.0,CE,2026-09-22
2026-09-17 12:57:00+05:30,259.15,261.5,257.5,261.5,7280,745875,NIFTY 23150 CE 22 SEP 26,23150.0,CE,2026-09-22
2026-09-17 12:58:00+05:30,261.5,264.55,261.0,261.0,3965,742950,NIFTY 23150 CE 22 SEP 26,23150.0,CE,2026-09-22
2026-09-17 12:59:00+05:30,260.1,262.0,260.1,261.7,2145,744835,NIFTY 23150 CE 22 SEP 26,23150.0,CE,2026-09-22
2026-09-17 13:00:00+05:30,262.5,265.95,260.0,265.8,7280,744380,NIFTY 23150 CE 22 SEP 26,23150.0,CE,2026-09-22
2026-09-17 13:01:00+05:30,265.65,266.0,256.75,256.9,8320,745745,NIFTY 23150 CE 22 SEP 26,23150.0,CE,2026-09-22
2026-09-17 13:02:00+05:30,256.9,259.5,252.75,258.15,23400,746200,NIFTY 23150 CE 22 SEP 26,23150.0,CE,2026-09-22
2026-09-17 13:03:00+05:30,258.05,259.5,255.6,255.6,5005,742430,NIFTY 23150 CE 22 SEP 26,23150.0,CE,2026-09-22
2026-09-17 13:04:00+05:30,256.3,256.3,250.4,250.95,12415,744705,NIFTY 23150 CE 22 SEP 26,23150.0,CE,2026-09-22
2026-09-17 13:05:00+05:30,251.45,253.7,250.4,252.1,6955,742170,NIFTY 23150 CE 22 SEP 26,23150.0,CE,2026-09-22
2026-09-17 13:06:00+05:30,252.1,254.4,248.35,250.75,16965,744965,NIFTY 23150 CE 22 SEP 26,23150.0,CE,2026-09-22
2026-09-17 13:07:00+05:30,250.3,250.75,246.4,249.1,12285,745485,NIFTY 23150 CE 22 SEP 26,23150.0,CE,2026-09-22
2026-09-17 13:08:00+05:30,249.15,251.4,247.5,250.75,9880,745615,NIFTY 23150 CE 22 SEP 26,23150.0,CE,2026-09-22
2026-09-17 13:09:00+05:30,251.3,255.15,249.2,253.1,15080,749645,NIFTY 23150 CE 22 SEP 26,23150.0,CE,2026-09-22
2026-09-17 13:10:00+05:30,252.7,253.45,249.95,250.85,16900,749840,NIFTY 23150 CE 22 SEP 26,23150.0,CE,2026-09-22
2026-09-17 13:11:00+05:30,250.75,253.0,250.0,252.5,4810,755365,NIFTY 23150 CE 22 SEP 26,23150.0,CE,2026-09-22
2026-09-17 13:12:00+05:30,252.35,253.7,251.35,252.45,4225,756145,NIFTY 23150 CE 22 SEP 26,23150.0,CE,2026-09-22
2026-09-17 13:13:00+05:30,252.0,252.1,247.35,249.1,8515,756535,NIFTY 23150 CE 22 SEP 26,23150.0,CE,2026-09-22
2026-09-17 13:14:00+05:30,249.5,250.2,244.1,244.2,18590,756600,NIFTY 23150 CE 22 SEP 26,23150.0,CE,2026-09-22
2026-09-17 13:15:00+05:30,244.45,247.4,241.5,242.4,17550,753480,NIFTY 23150 CE 22 SEP 26,23150.0,CE,2026-09-22
2026-09-17 13:16:00+05:30,242.8,250.15,242.45,248.3,15925,756925,NIFTY 23150 CE 22 SEP 26,23150.0,CE,2026-09-22
2026-09-17 13:17:00+05:30,249.35,249.35,240.65,245.25,18005,752375,NIFTY 23150 CE 22 SEP 26,23150.0,CE,2026-09-22
2026-09-17 13:18:00+05:30,245.15,247.2,244.0,247.2,9880,751855,NIFTY 23150 CE 22 SEP 26,23150.0,CE,2026-09-22
2026-09-17 13:19:00+05:30,245.75,247.5,243.85,243.85,6630,751400,NIFTY 23150 CE 22 SEP 26,23150.0,CE,2026-09-22
2026-09-17 13:20:00+05:30,242.85,246.25,242.0,246.0,5460,754520,NIFTY 23150 CE 22 SEP 26,23150.0,CE,2026-09-22
2026-09-17 13:21:00+05:30,245.95,248.85,244.65,246.35,13195,755755,NIFTY 23150 CE 22 SEP 26,23150.0,CE,2026-09-22
2026-09-17 13:22:00+05:30,246.85,247.1,237.3,237.85,21125,761995,NIFTY 23150 CE 22 SEP 26,23150.0,CE,2026-09-22
2026-09-17 13:23:00+05:30,238.6,241.75,236.75,240.5,25740,759590,NIFTY 23150 CE 22 SEP 26,23150.0,CE,2026-09-22
2026-09-17 13:24:00+05:30,240.0,240.0,233.65,234.7,23465,746070,NIFTY 23150 CE 22 SEP 26,23150.0,CE,2026-09-22
2026-09-17 13:25:00+05:30,235.05,235.9,226.7,228.2,48750,744380,NIFTY 23150 CE 22 SEP 26,23150.0,CE,2026-09-22
2026-09-17 13:26:00+05:30,227.8,229.1,219.6,221.6,34580,746330,NIFTY 23150 CE 22 SEP 26,23150.0,CE,2026-09-22
2026-09-17 13:27:00+05:30,221.6,223.25,210.7,210.7,77870,748410,NIFTY 23150 CE 22 SEP 26,23150.0,CE,2026-09-22
2026-09-17 13:28:00+05:30,210.85,212.95,201.0,204.65,85475,763815,NIFTY 23150 CE 22 SEP 26,23150.0,CE,2026-09-22
2026-09-17 13:29:00+05:30,205.7,207.8,200.85,201.15,68445,772720,NIFTY 23150 CE 22 SEP 26,23150.0,CE,2026-09-22
2026-09-17 13:30:00+05:30,201.5,202.5,193.45,198.2,85605,780390,NIFTY 23150 CE 22 SEP 26,23150.0,CE,2026-09-22
2026-09-17 13:31:00+05:30,199.65,204.7,195.5,200.85,60060,795535,NIFTY 23150 CE 22 SEP 26,23150.0,CE,2026-09-22
2026-09-17 13:32:00+05:30,201.1,205.55,199.95,201.9,49075,801255,NIFTY 23150 CE 22 SEP 26,23150.0,CE,2026-09-22
2026-09-17 13:33:00+05:30,202.0,202.1,193.7,197.0,56940,798980,NIFTY 23150 CE 22 SEP 26,23150.0,CE,2026-09-22
2026-09-17 13:34:00+05:30,196.85,200.9,195.5,196.0,32695,803725,NIFTY 23150 CE 22 SEP 26,23150.0,CE,2026-09-22
2026-09-17 13:35:00+05:30,196.85,196.85,187.8,193.9,87555,813150,NIFTY 23150 CE 22 SEP 26,23150.0,CE,2026-09-22
2026-09-17 13:36:00+05:30,193.65,193.65,188.1,189.95,47970,823030,NIFTY 23150 CE 22 SEP 26,23150.0,CE,2026-09-22
2026-09-17 13:37:00+05:30,190.25,197.45,189.85,194.55,56810,825630,NIFTY 23150 CE 22 SEP 26,23150.0,CE,2026-09-22
2026-09-17 13:38:00+05:30,194.15,195.2,191.4,194.85,22165,825695,NIFTY 23150 CE 22 SEP 26,23150.0,CE,2026-09-22
2026-09-17 13:39:00+05:30,195.5,198.5,194.0,195.3,40040,824785,NIFTY 23150 CE 22 SEP 26,23150.0,CE,2026-09-22
2026-09-17 13:40:00+05:30,195.6,201.0,195.2,199.85,65845,819390,NIFTY 23150 CE 22 SEP 26,23150.0,CE,2026-09-22
2026-09-17 13:41:00+05:30,199.15,206.0,198.0,203.15,101790,823160,NIFTY 23150 CE 22 SEP 26,23150.0,CE,2026-09-22
2026-09-17 13:42:00+05:30,202.55,205.75,198.75,200.0,48360,826020,NIFTY 23150 CE 22 SEP 26,23150.0,CE,2026-09-22
2026-09-17 13:43:00+05:30,199.65,203.7,197.45,201.8,28080,823290,NIFTY 23150 CE 22 SEP 26,23150.0,CE,2026-09-22
2026-09-17 13:44:00+05:30,201.55,201.9,196.25,197.4,19695,822835,NIFTY 23150 CE 22 SEP 26,23150.0,CE,2026-09-22
2026-09-17 13:45:00+05:30,198.1,203.1,197.25,203.1,22360,823940,NIFTY 23150 CE 22 SEP 26,23150.0,CE,2026-09-22
2026-09-17 13:46:00+05:30,202.95,206.6,201.65,204.2,59800,826410,NIFTY 23150 CE 22 SEP 26,23150.0,CE,2026-09-22
2026-09-17 13:47:00+05:30,204.1,207.9,201.6,202.3,34255,823680,NIFTY 23150 CE 22 SEP 26,23150.0,CE,2026-09-22
2026-09-17 13:48:00+05:30,202.35,203.9,197.0,197.85,40885,825890,NIFTY 23150 CE 22 SEP 26,23150.0,CE,2026-09-22
2026-09-17 13:49:00+05:30,198.95,202.0,198.3,200.4,9035,821405,NIFTY 23150 CE 22 SEP 26,23150.0,CE,2026-09-22
2026-09-17 13:50:00+05:30,200.4,202.5,199.2,202.35,13065,821405,NIFTY 23150 CE 22 SEP 26,23150.0,CE,2026-09-22
2026-09-17 13:51:00+05:30,202.7,204.0,199.2,202.85,15860,821015,NIFTY 23150 CE 22 SEP 26,23150.0,CE,2026-09-22
2026-09-17 13:52:00+05:30,203.0,206.6,200.5,201.3,50375,824265,NIFTY 23150 CE 22 SEP 26,23150.0,CE,2026-09-22
2026-09-17 13:53:00+05:30,201.1,201.1,195.55,196.6,38220,815035,NIFTY 23150 CE 22 SEP 26,23150.0,CE,2026-09-22
2026-09-17 13:54:00+05:30,197.05,201.0,195.4,201.0,21125,808145,NIFTY 23150 CE 22 SEP 26,23150.0,CE,2026-09-22
2026-09-17 13:55:00+05:30,200.15,203.25,198.6,202.95,20150,806650,NIFTY 23150 CE 22 SEP 26,23150.0,CE,2026-09-22
2026-09-17 13:56:00+05:30,203.0,203.25,200.3,201.9,25350,808405,NIFTY 23150 CE 22 SEP 26,23150.0,CE,2026-09-22
2026-09-17 13:57:00+05:30,202.0,203.6,199.75,203.0,22620,814775,NIFTY 23150 CE 22 SEP 26,23150.0,CE,2026-09-22
2026-09-17 13:58:00+05:30,203.0,205.6,201.0,201.45,27430,813540,NIFTY 23150 CE 22 SEP 26,23150.0,CE,2026-09-22
2026-09-17 13:59:00+05:30,201.7,204.05,198.4,198.8,25610,820690,NIFTY 23150 CE 22 SEP 26,23150.0,CE,2026-09-22
2026-09-17 14:00:00+05:30,199.25,202.0,197.25,198.45,24570,817310,NIFTY 23150 CE 22 SEP 26,23150.0,CE,2026-09-22
2026-09-17 14:01:00+05:30,198.5,202.35,198.5,201.4,19825,819910,NIFTY 23150 CE 22 SEP 26,23150.0,CE,2026-09-22
2026-09-17 14:02:00+05:30,200.9,201.5,196.25,197.3,21710,824980,NIFTY 23150 CE 22 SEP 26,23150.0,CE,2026-09-22
2026-09-17 14:03:00+05:30,197.05,200.3,195.25,200.0,19045,819065,NIFTY 23150 CE 22 SEP 26,23150.0,CE,2026-09-22
2026-09-17 14:04:00+05:30,199.9,204.85,198.6,202.75,35555,819065,NIFTY 23150 CE 22 SEP 26,23150.0,CE,2026-09-22
2026-09-17 14:05:00+05:30,202.6,203.55,199.5,202.65,13000,816595,NIFTY 23150 CE 22 SEP 26,23150.0,CE,2026-09-22
2026-09-17 14:06:00+05:30,202.9,205.3,197.4,201.65,32500,815880,NIFTY 23150 CE 22 SEP 26,23150.0,CE,2026-09-22
2026-09-17 14:07:00+05:30,201.8,210.6,201.8,208.35,73190,824330,NIFTY 23150 CE 22 SEP 26,23150.0,CE,2026-09-22
2026-09-17 14:08:00+05:30,208.3,210.35,203.0,205.0,69550,825240,NIFTY 23150 CE 22 SEP 26,23150.0,CE,2026-09-22
2026-09-17 14:09:00+05:30,205.2,209.3,204.95,208.15,37505,830375,NIFTY 23150 CE 22 SEP 26,23150.0,CE,2026-09-22
2026-09-17 14:10:00+05:30,208.3,211.0,205.65,206.7,57395,827970,NIFTY 23150 CE 22 SEP 26,23150.0,CE,2026-09-22
2026-09-17 14:11:00+05:30,206.95,207.3,201.05,203.4,44850,826540,NIFTY 23150 CE 22 SEP 26,23150.0,CE,2026-09-22
2026-09-17 14:12:00+05:30,202.9,205.0,201.55,204.3,22490,825305,NIFTY 23150 CE 22 SEP 26,23150.0,CE,2026-09-22
2026-09-17 14:13:00+05:30,203.8,207.05,202.95,207.0,25025,824200,NIFTY 23150 CE 22 SEP 26,23150.0,CE,2026-09-22
2026-09-17 14:14:00+05:30,206.45,208.55,204.0,204.55,16120,821795,NIFTY 23150 CE 22 SEP 26,23150.0,CE,2026-09-22
2026-09-17 14:15:00+05:30,204.95,205.95,202.25,203.5,15990,825500,NIFTY 23150 CE 22 SEP 26,23150.0,CE,2026-09-22
2026-09-17 14:16:00+05:30,203.8,204.35,199.2,200.45,48815,826605,NIFTY 23150 CE 22 SEP 26,23150.0,CE,2026-09-22
2026-09-17 14:17:00+05:30,200.4,204.75,199.65,203.85,28860,817440,NIFTY 23150 CE 22 SEP 26,23150.0,CE,2026-09-22
2026-09-17 14:18:00+05:30,204.6,213.0,204.6,210.15,65065,814450,NIFTY 23150 CE 22 SEP 26,23150.0,CE,2026-09-22
2026-09-17 14:19:00+05:30,210.4,215.65,206.75,207.3,67340,798915,NIFTY 23150 CE 22 SEP 26,23150.0,CE,2026-09-22
2026-09-17 14:20:00+05:30,206.65,212.85,206.55,210.15,25480,805545,NIFTY 23150 CE 22 SEP 26,23150.0,CE,2026-09-22
2026-09-17 14:21:00+05:30,210.35,217.0,210.35,216.1,37700,804245,NIFTY 23150 CE 22 SEP 26,23150.0,CE,2026-09-22
2026-09-17 14:22:00+05:30,216.15,217.55,212.35,216.35,41405,800345,NIFTY 23150 CE 22 SEP 26,23150.0,CE,2026-09-22
2026-09-17 14:23:00+05:30,215.85,216.85,213.55,216.0,20735,804635,NIFTY 23150 CE 22 SEP 26,23150.0,CE,2026-09-22
2026-09-17 14:24:00+05:30,216.0,218.25,211.45,211.8,44525,801255,NIFTY 23150 CE 22 SEP 26,23150.0,CE,2026-09-22
2026-09-17 14:25:00+05:30,211.65,212.2,206.35,206.85,43940,797810,NIFTY 23150 CE 22 SEP 26,23150.0,CE,2026-09-22
2026-09-17 14:26:00+05:30,206.4,207.65,203.0,204.75,35620,787150,NIFTY 23150 CE 22 SEP 26,23150.0,CE,2026-09-22
2026-09-17 14:27:00+05:30,204.5,205.5,200.65,203.25,23725,783575,NIFTY 23150 CE 22 SEP 26,23150.0,CE,2026-09-22
2026-09-17 14:28:00+05:30,202.7,202.9,197.35,200.5,37245,779675,NIFTY 23150 CE 22 SEP 26,23150.0,CE,2026-09-22
2026-09-17 14:29:00+05:30,200.0,208.5,199.6,207.0,54925,770250,NIFTY 23150 CE 22 SEP 26,23150.0,CE,2026-09-22
2026-09-17 14:30:00+05:30,206.95,209.9,201.6,207.0,33930,780910,NIFTY 23150 CE 22 SEP 26,23150.0,CE,2026-09-22
2026-09-17 14:31:00+05:30,207.25,209.8,205.7,207.9,23270,784355,NIFTY 23150 CE 22 SEP 26,23150.0,CE,2026-09-22
2026-09-17 14:32:00+05:30,207.65,208.0,205.0,205.0,9750,781235,NIFTY 23150 CE 22 SEP 26,23150.0,CE,2026-09-22
2026-09-17 14:33:00+05:30,204.85,206.5,201.65,204.35,13260,777530,NIFTY 23150 CE 22 SEP 26,23150.0,CE,2026-09-22
2026-09-17 14:34:00+05:30,204.25,206.0,200.2,202.85,26910,774865,NIFTY 23150 CE 22 SEP 26,23150.0,CE,2026-09-22
2026-09-17 14:35:00+05:30,202.3,211.0,201.9,210.35,21775,775450,NIFTY 23150 CE 22 SEP 26,23150.0,CE,2026-09-22
2026-09-17 14:36:00+05:30,211.5,215.0,208.8,208.85,48490,773825,NIFTY 23150 CE 22 SEP 26,23150.0,CE,2026-09-22
2026-09-17 14:37:00+05:30,209.35,229.05,208.35,223.2,137540,777205,NIFTY 23150 CE 22 SEP 26,23150.0,CE,2026-09-22
2026-09-17 14:38:00+05:30,223.0,224.65,215.55,219.85,95355,732875,NIFTY 23150 CE 22 SEP 26,23150.0,CE,2026-09-22
2026-09-17 14:39:00+05:30,219.5,229.8,219.5,223.5,81510,717210,NIFTY 23150 CE 22 SEP 26,23150.0,CE,2026-09-22
2026-09-17 14:40:00+05:30,223.1,223.4,216.0,220.6,36790,716755,NIFTY 23150 CE 22 SEP 26,23150.0,CE,2026-09-22
2026-09-17 14:41:00+05:30,220.0,222.0,216.8,217.45,22750,717470,NIFTY 23150 CE 22 SEP 26,23150.0,CE,2026-09-22
2026-09-17 14:42:00+05:30,217.2,217.3,208.1,210.25,59215,714480,NIFTY 23150 CE 22 SEP 26,23150.0,CE,2026-09-22
2026-09-17 14:43:00+05:30,210.2,213.3,209.45,211.3,25805,711295,NIFTY 23150 CE 22 SEP 26,23150.0,CE,2026-09-22
2026-09-17 14:44:00+05:30,210.55,210.85,205.5,208.2,38350,709865,NIFTY 23150 CE 22 SEP 26,23150.0,CE,2026-09-22
2026-09-17 14:45:00+05:30,208.4,215.6,207.65,213.9,43420,722475,NIFTY 23150 CE 22 SEP 26,23150.0,CE,2026-09-22
2026-09-17 14:46:00+05:30,213.95,217.0,212.25,217.0,29900,726700,NIFTY 23150 CE 22 SEP 26,23150.0,CE,2026-09-22
2026-09-17 14:47:00+05:30,217.5,220.0,213.25,215.45,28925,723385,NIFTY 23150 CE 22 SEP 26,23150.0,CE,2026-09-22
2026-09-17 14:48:00+05:30,216.3,221.3,216.3,220.05,32110,730470,NIFTY 23150 CE 22 SEP 26,23150.0,CE,2026-09-22
2026-09-17 14:49:00+05:30,219.35,222.95,216.85,217.2,43355,731965,NIFTY 23150 CE 22 SEP 26,23150.0,CE,2026-09-22
2026-09-17 14:50:00+05:30,217.25,219.25,214.4,217.65,23400,728975,NIFTY 23150 CE 22 SEP 26,23150.0,CE,2026-09-22
2026-09-17 14:51:00+05:30,217.35,217.65,214.0,215.65,11700,725855,NIFTY 23150 CE 22 SEP 26,23150.0,CE,2026-09-22
2026-09-17 14:52:00+05:30,214.7,219.05,214.7,217.35,17160,727480,NIFTY 23150 CE 22 SEP 26,23150.0,CE,2026-09-22
2026-09-17 14:53:00+05:30,217.0,217.4,211.95,214.0,28730,723255,NIFTY 23150 CE 22 SEP 26,23150.0,CE,2026-09-22
2026-09-17 14:54:00+05:30,213.15,215.0,211.4,213.9,17680,717795,NIFTY 23150 CE 22 SEP 26,23150.0,CE,2026-09-22
2026-09-17 14:55:00+05:30,213.8,213.8,209.25,210.85,23335,715910,NIFTY 23150 CE 22 SEP 26,23150.0,CE,2026-09-22
2026-09-17 14:56:00+05:30,211.95,212.45,207.3,209.45,45825,707850,NIFTY 23150 CE 22 SEP 26,23150.0,CE,2026-09-22
2026-09-17 14:57:00+05:30,209.45,209.45,206.25,207.8,28535,709475,NIFTY 23150 CE 22 SEP 26,23150.0,CE,2026-09-22
2026-09-17 14:58:00+05:30,208.15,209.65,205.35,208.4,21840,711230,NIFTY 23150 CE 22 SEP 26,23150.0,CE,2026-09-22
2026-09-17 14:59:00+05:30,207.15,207.95,203.9,204.9,34190,709215,NIFTY 23150 CE 22 SEP 26,23150.0,CE,2026-09-22
2026-09-17 15:00:00+05:30,204.0,210.6,200.4,209.6,58500,706615,NIFTY 23150 CE 22 SEP 26,23150.0,CE,2026-09-22
2026-09-17 15:01:00+05:30,209.6,211.0,207.25,207.65,26000,709085,NIFTY 23150 CE 22 SEP 26,23150.0,CE,2026-09-22
2026-09-17 15:02:00+05:30,207.0,211.5,203.7,210.6,35620,710645,NIFTY 23150 CE 22 SEP 26,23150.0,CE,2026-09-22
2026-09-17 15:03:00+05:30,210.4,213.0,208.7,212.1,27820,702065,NIFTY 23150 CE 22 SEP 26,23150.0,CE,2026-09-22
2026-09-17 15:04:00+05:30,212.15,212.5,206.0,206.5,23660,702585,NIFTY 23150 CE 22 SEP 26,23150.0,CE,2026-09-22
2026-09-17 15:05:00+05:30,207.05,212.5,205.55,208.95,22555,696800,NIFTY 23150 CE 22 SEP 26,23150.0,CE,2026-09-22
2026-09-17 15:06:00+05:30,208.95,214.0,208.05,212.9,19500,694005,NIFTY 23150 CE 22 SEP 26,23150.0,CE,2026-09-22
2026-09-17 15:07:00+05:30,213.15,214.8,210.0,211.35,30420,688350,NIFTY 23150 CE 22 SEP 26,23150.0,CE,2026-09-22
2026-09-17 15:08:00+05:30,211.35,213.05,208.4,211.0,13520,687960,NIFTY 23150 CE 22 SEP 26,23150.0,CE,2026-09-22
2026-09-17 15:09:00+05:30,211.65,214.15,209.4,211.45,29640,682175,NIFTY 23150 CE 22 SEP 26,23150.0,CE,2026-09-22
2026-09-17 15:10:00+05:30,211.05,214.55,210.1,212.75,26325,676455,NIFTY 23150 CE 22 SEP 26,23150.0,CE,2026-09-22
2026-09-17 15:11:00+05:30,212.4,212.8,208.3,210.65,16835,670475,NIFTY 23150 CE 22 SEP 26,23150.0,CE,2026-09-22
2026-09-17 15:12:00+05:30,210.3,215.65,208.6,212.65,43875,660465,NIFTY 23150 CE 22 SEP 26,23150.0,CE,2026-09-22
2026-09-17 15:13:00+05:30,212.65,218.9,212.05,216.9,41925,647140,NIFTY 23150 CE 22 SEP 26,23150.0,CE,2026-09-22
2026-09-17 15:14:00+05:30,217.15,223.9,215.5,219.45,55445,628420,NIFTY 23150 CE 22 SEP 26,23150.0,CE,2026-09-22
2026-09-17 15:15:00+05:30,219.1,220.0,215.9,219.4,26130,626795,NIFTY 23150 CE 22 SEP 26,23150.0,CE,2026-09-22
2026-09-17 15:16:00+05:30,219.4,223.4,218.5,222.8,15990,622635,NIFTY 23150 CE 22 SEP 26,23150.0,CE,2026-09-22
2026-09-17 15:17:00+05:30,222.95,222.95,218.8,218.8,13845,617370,NIFTY 23150 CE 22 SEP 26,23150.0,CE,2026-09-22
2026-09-17 15:18:00+05:30,218.9,221.05,214.8,219.95,20020,615940,NIFTY 23150 CE 22 SEP 26,23150.0,CE,2026-09-22
2026-09-17 15:19:00+05:30,219.9,225.5,216.05,220.7,46865,601510,NIFTY 23150 CE 22 SEP 26,23150.0,CE,2026-09-22
2026-09-17 15:20:00+05:30,220.6,222.4,216.0,217.6,82875,590460,NIFTY 23150 CE 22 SEP 26,23150.0,CE,2026-09-22
2026-09-17 15:21:00+05:30,217.55,219.95,214.1,216.85,22555,581945,NIFTY 23150 CE 22 SEP 26,23150.0,CE,2026-09-22
2026-09-17 15:22:00+05:30,217.3,218.55,215.5,216.7,18395,574145,NIFTY 23150 CE 22 SEP 26,23150.0,CE,2026-09-22
2026-09-17 15:23:00+05:30,216.75,217.65,211.1,216.35,23270,568295,NIFTY 23150 CE 22 SEP 26,23150.0,CE,2026-09-22
2026-09-17 15:24:00+05:30,216.5,220.95,216.1,218.8,21320,564135,NIFTY 23150 CE 22 SEP 26,23150.0,CE,2026-09-22
2026-09-17 15:25:00+05:30,219.05,221.15,217.0,218.5,15535,563030,NIFTY 23150 CE 22 SEP 26,23150.0,CE,2026-09-22
2026-09-17 15:26:00+05:30,218.6,218.95,214.4,217.35,12870,560560,NIFTY 23150 CE 22 SEP 26,23150.0,CE,2026-09-22
2026-09-17 15:27:00+05:30,217.75,218.7,214.5,217.45,16835,565175,NIFTY 23150 CE 22 SEP 26,23150.0,CE,2026-09-22
2026-09-17 15:28:00+05:30,218.0,218.1,213.0,215.5,13715,562120,NIFTY 23150 CE 22 SEP 26,23150.0,CE,2026-09-22
2026-09-17 15:29:00+05:30,215.25,216.3,208.2,214.3,25025,557115,NIFTY 23150 CE 22 SEP 26,23150.0,CE,2026-09-22
2026-09-17 15:30:00+05:30,213.3,216.85,213.05,215.5,18785,553995,NIFTY 23150 CE 22 SEP 26,23150.0,CE,2026-09-22
2026-09-17 15:31:00+05:30,215.0,216.65,214.3,214.5,14755,551655,NIFTY 23150 CE 22 SEP 26,23150.0,CE,2026-09-22
2026-09-17 15:32:00+05:30,214.5,215.2,212.2,212.8,15145,552890,NIFTY 23150 CE 22 SEP 26,23150.0,CE,2026-09-22
2026-09-17 15:33:00+05:30,213.75,217.2,213.45,216.65,13065,552695,NIFTY 23150 CE 22 SEP 26,23150.0,CE,2026-09-22
2026-09-17 15:34:00+05:30,217.2,220.65,217.05,220.0,17810,546065,NIFTY 23150 CE 22 SEP 26,23150.0,CE,2026-09-22
2026-09-17 15:35:00+05:30,219.95,225.8,219.4,224.65,39195,529880,NIFTY 23150 CE 22 SEP 26,23150.0,CE,2026-09-22
2026-09-17 15:36:00+05:30,224.45,225.0,222.15,224.4,20280,530790,NIFTY 23150 CE 22 SEP 26,23150.0,CE,2026-09-22
2026-09-17 15:37:00+05:30,224.7,228.0,224.5,227.6,21580,528710,NIFTY 23150 CE 22 SEP 26,23150.0,CE,2026-09-22
2026-09-17 15:38:00+05:30,228.0,231.7,227.85,229.75,29445,507260,NIFTY 23150 CE 22 SEP 26,23150.0,CE,2026-09-22
2026-09-17 15:39:00+05:30,229.95,230.95,225.8,228.9,32955,509405,NIFTY 23150 CE 22 SEP 26,23150.0,CE,2026-09-22
