tradingsymbol,strike,type,expiry,datetime,open,high,low,close,volume,oi
SENSEX 73800 CE 17 SEP 26,73800.0,CE,2026-09-17,2026-09-17 15:00:00+05:30,601.15,642.6,597.2,631.15,13060,67980
SENSEX 73800 CE 17 SEP 26,73800.0,CE,2026-09-17,2026-09-17 15:01:00+05:30,630.65,648.85,625.15,628.7,7840,66040
SENSEX 73800 CE 17 SEP 26,73800.0,CE,2026-09-17,2026-09-17 15:02:00+05:30,613.9,641.25,612.35,637.65,11580,66040
SENSEX 73800 CE 17 SEP 26,73800.0,CE,2026-09-17,2026-09-17 15:03:00+05:30,635.45,647.0,622.8,631.9,6120,66040
SENSEX 73800 CE 17 SEP 26,73800.0,CE,2026-09-17,2026-09-17 15:04:00+05:30,637.05,638.3,602.35,602.35,7320,65400
SENSEX 73800 CE 17 SEP 26,73800.0,CE,2026-09-17,2026-09-17 15:05:00+05:30,604.05,640.5,604.05,620.15,9080,65400
SENSEX 73800 CE 17 SEP 26,73800.0,CE,2026-09-17,2026-09-17 15:06:00+05:30,617.95,632.9,614.75,626.9,3680,65400
SENSEX 73800 CE 17 SEP 26,73800.0,CE,2026-09-17,2026-09-17 15:07:00+05:30,626.2,639.8,616.75,627.6,6380,64800
SENSEX 73800 CE 17 SEP 26,73800.0,CE,2026-09-17,2026-09-17 15:08:00+05:30,623.15,626.5,607.4,619.9,5000,64800
SENSEX 73800 CE 17 SEP 26,73800.0,CE,2026-09-17,2026-09-17 15:09:00+05:30,619.2,631.6,611.0,614.75,3640,64800
SENSEX 73800 CE 17 SEP 26,73800.0,CE,2026-09-17,2026-09-17 15:10:00+05:30,619.2,635.85,608.8,620.25,4360,66920
SENSEX 73800 CE 17 SEP 26,73800.0,CE,2026-09-17,2026-09-17 15:11:00+05:30,619.9,625.5,584.95,593.75,6500,66920
SENSEX 73800 CE 17 SEP 26,73800.0,CE,2026-09-17,2026-09-17 15:12:00+05:30,602.85,626.7,595.25,613.25,5840,63640
SENSEX 73800 CE 17 SEP 26,73800.0,CE,2026-09-17,2026-09-17 15:13:00+05:30,606.1,643.4,606.1,632.25,6320,63640
SENSEX 73800 CE 17 SEP 26,73800.0,CE,2026-09-17,2026-09-17 15:14:00+05:30,627.35,692.4,627.35,681.55,10940,63640
SENSEX 73800 CE 17 SEP 26,73800.0,CE,2026-09-17,2026-09-17 15:15:00+05:30,673.5,675.95,619.2,624.5,6740,62560
SENSEX 73800 CE 17 SEP 26,73800.0,CE,2026-09-17,2026-09-17 15:16:00+05:30,625.45,666.95,607.55,643.2,3620,62560
SENSEX 73800 CE 17 SEP 26,73800.0,CE,2026-09-17,2026-09-17 15:17:00+05:30,645.1,649.6,637.8,644.5,860,62560
SENSEX 73800 CE 17 SEP 26,73800.0,CE,2026-09-17,2026-09-17 15:18:00+05:30,637.35,672.95,625.2,639.4,7180,61320
SENSEX 73800 CE 17 SEP 26,73800.0,CE,2026-09-17,2026-09-17 15:19:00+05:30,635.8,702.95,613.4,644.45,7320,61320
SENSEX 73800 CE 17 SEP 26,73800.0,CE,2026-09-17,2026-09-17 15:20:00+05:30,666.0,672.95,546.8,606.15,26180,63040
SENSEX 73800 CE 17 SEP 26,73800.0,CE,2026-09-17,2026-09-17 15:21:00+05:30,609.2,693.3,606.6,643.85,11920,63040
SENSEX 73800 CE 17 SEP 26,73800.0,CE,2026-09-17,2026-09-17 15:22:00+05:30,646.1,658.15,584.5,628.6,11160,63040
SENSEX 73800 CE 17 SEP 26,73800.0,CE,2026-09-17,2026-09-17 15:23:00+05:30,616.55,626.2,558.8,604.3,14560,64580
SENSEX 73800 CE 17 SEP 26,73800.0,CE,2026-09-17,2026-09-17 15:24:00+05:30,606.4,750.35,605.1,723.1,26620,64580
SENSEX 73800 CE 17 SEP 26,73800.0,CE,2026-09-17,2026-09-17 15:25:00+05:30,704.9,747.3,604.15,621.0,33600,64580
SENSEX 73800 CE 17 SEP 26,73800.0,CE,2026-09-17,2026-09-17 15:26:00+05:30,622.5,727.0,570.0,704.65,63140,60700
SENSEX 73800 CE 17 SEP 26,73800.0,CE,2026-09-17,2026-09-17 15:27:00+05:30,719.4,725.9,611.2,613.15,33280,60700
SENSEX 73800 CE 17 SEP 26,73800.0,CE,2026-09-17,2026-09-17 15:28:00+05:30,613.4,614.3,513.5,515.3,39560,61560
SENSEX 73800 CE 17 SEP 26,73800.0,CE,2026-09-17,2026-09-17 15:29:00+05:30,514.95,515.35,513.6,513.8,4300,61560
SENSEX 73800 CE 17 SEP 26,73800.0,CE,2026-09-17,2026-09-17 15:30:00+05:30,513.8,515.45,513.75,513.75,1800,61560
SENSEX 73800 PE 17 SEP 26,73800.0,PE,2026-09-17,2026-09-17 15:00:00+05:30,27.65,28.3,22.05,22.65,1098900,3378220
SENSEX 73800 PE 17 SEP 26,73800.0,PE,2026-09-17,2026-09-17 15:01:00+05:30,23.3,24.0,19.6,21.5,1041360,3307840
SENSEX 73800 PE 17 SEP 26,73800.0,PE,2026-09-17,2026-09-17 15:02:00+05:30,22.2,22.65,18.0,18.35,902380,3307840
SENSEX 73800 PE 17 SEP 26,73800.0,PE,2026-09-17,2026-09-17 15:03:00+05:30,18.8,20.15,17.3,19.25,691060,3307840
SENSEX 73800 PE 17 SEP 26,73800.0,PE,2026-09-17,2026-09-17 15:04:00+05:30,19.35,22.0,18.15,22.0,572900,3363040
SENSEX 73800 PE 17 SEP 26,73800.0,PE,2026-09-17,2026-09-17 15:05:00+05:30,21.75,21.75,15.6,18.0,1112340,3363040
SENSEX 73800 PE 17 SEP 26,73800.0,PE,2026-09-17,2026-09-17 15:06:00+05:30,17.95,18.65,16.65,17.7,642580,3363040
SENSEX 73800 PE 17 SEP 26,73800.0,PE,2026-09-17,2026-09-17 15:07:00+05:30,17.7,20.7,17.25,19.8,653680,3309080
SENSEX 73800 PE 17 SEP 26,73800.0,PE,2026-09-17,2026-09-17 15:08:00+05:30,20.35,22.0,19.1,20.7,566640,3309080
SENSEX 73800 PE 17 SEP 26,73800.0,PE,2026-09-17,2026-09-17 15:09:00+05:30,20.7,21.2,18.85,21.2,461420,3171520
SENSEX 73800 PE 17 SEP 26,73800.0,PE,2026-09-17,2026-09-17 15:10:00+05:30,21.15,22.15,18.5,21.1,573380,3171520
SENSEX 73800 PE 17 SEP 26,73800.0,PE,2026-09-17,2026-09-17 15:11:00+05:30,21.55,23.35,21.0,23.25,667800,3171520
SENSEX 73800 PE 17 SEP 26,73800.0,PE,2026-09-17,2026-09-17 15:12:00+05:30,22.6,22.6,19.25,21.35,724220,3103140
SENSEX 73800 PE 17 SEP 26,73800.0,PE,2026-09-17,2026-09-17 15:13:00+05:30,20.8,21.35,17.45,19.25,639300,3103140
SENSEX 73800 PE 17 SEP 26,73800.0,PE,2026-09-17,2026-09-17 15:14:00+05:30,19.2,19.75,12.55,13.9,1373880,3103140
SENSEX 73800 PE 17 SEP 26,73800.0,PE,2026-09-17,2026-09-17 15:15:00+05:30,14.1,19.9,14.05,18.8,848100,3018620
SENSEX 73800 PE 17 SEP 26,73800.0,PE,2026-09-17,2026-09-17 15:16:00+05:30,19.25,20.2,15.55,17.55,860860,3018620
SENSEX 73800 PE 17 SEP 26,73800.0,PE,2026-09-17,2026-09-17 15:17:00+05:30,17.6,17.85,16.5,17.5,471440,3018620
SENSEX 73800 PE 17 SEP 26,73800.0,PE,2026-09-17,2026-09-17 15:18:00+05:30,17.3,17.5,12.2,17.5,930260,3164920
SENSEX 73800 PE 17 SEP 26,73800.0,PE,2026-09-17,2026-09-17 15:19:00+05:30,17.5,17.85,9.0,12.2,1413600,3164920
SENSEX 73800 PE 17 SEP 26,73800.0,PE,2026-09-17,2026-09-17 15:20:00+05:30,9.7,16.8,6.4,7.7,3776840,2981720
SENSEX 73800 PE 17 SEP 26,73800.0,PE,2026-09-17,2026-09-17 15:21:00+05:30,7.25,7.25,2.3,3.25,3535400,2981720
SENSEX 73800 PE 17 SEP 26,73800.0,PE,2026-09-17,2026-09-17 15:22:00+05:30,3.2,4.05,2.25,2.65,1909100,2981720
SENSEX 73800 PE 17 SEP 26,73800.0,PE,2026-09-17,2026-09-17 15:23:00+05:30,2.7,3.9,2.4,3.2,1334680,2717720
SENSEX 73800 PE 17 SEP 26,73800.0,PE,2026-09-17,2026-09-17 15:24:00+05:30,3.05,3.05,1.15,1.35,1708460,2717720
SENSEX 73800 PE 17 SEP 26,73800.0,PE,2026-09-17,2026-09-17 15:25:00+05:30,1.25,1.4,1.05,1.1,1282880,2717720
SENSEX 73800 PE 17 SEP 26,73800.0,PE,2026-09-17,2026-09-17 15:26:00+05:30,1.1,1.15,0.2,0.3,1236840,2284920
SENSEX 73800 PE 17 SEP 26,73800.0,PE,2026-09-17,2026-09-17 15:27:00+05:30,0.45,0.7,0.3,0.45,766840,2284920
SENSEX 73800 PE 17 SEP 26,73800.0,PE,2026-09-17,2026-09-17 15:28:00+05:30,0.45,0.55,0.1,0.1,809740,1889720
SENSEX 73800 PE 17 SEP 26,73800.0,PE,2026-09-17,2026-09-17 15:29:00+05:30,0.1,0.15,0.1,0.15,277600,1889720
SENSEX 73800 PE 17 SEP 26,73800.0,PE,2026-09-17,2026-09-17 15:30:00+05:30,0.15,0.15,0.05,0.05,476940,1889720
SENSEX 73900 CE 17 SEP 26,73900.0,CE,2026-09-17,2026-09-17 15:00:00+05:30,518.8,548.8,508.1,542.45,20880,90600
SENSEX 73900 CE 17 SEP 26,73900.0,CE,2026-09-17,2026-09-17 15:01:00+05:30,540.65,560.0,533.95,534.2,14120,90960
SENSEX 73900 CE 17 SEP 26,73900.0,CE,2026-09-17,2026-09-17 15:02:00+05:30,526.3,550.35,520.25,548.75,13560,90960
SENSEX 73900 CE 17 SEP 26,73900.0,CE,2026-09-17,2026-09-17 15:03:00+05:30,542.75,553.15,534.75,543.35,8500,90960
SENSEX 73900 CE 17 SEP 26,73900.0,CE,2026-09-17,2026-09-17 15:04:00+05:30,547.05,548.35,511.6,511.6,12300,90280
SENSEX 73900 CE 17 SEP 26,73900.0,CE,2026-09-17,2026-09-17 15:05:00+05:30,513.0,551.95,512.0,525.85,8900,90280
SENSEX 73900 CE 17 SEP 26,73900.0,CE,2026-09-17,2026-09-17 15:06:00+05:30,527.25,541.0,523.5,534.75,6660,90280
SENSEX 73900 CE 17 SEP 26,73900.0,CE,2026-09-17,2026-09-17 15:07:00+05:30,542.3,547.65,529.65,535.2,5140,88920
SENSEX 73900 CE 17 SEP 26,73900.0,CE,2026-09-17,2026-09-17 15:08:00+05:30,531.45,535.2,515.2,527.0,8600,88920
SENSEX 73900 CE 17 SEP 26,73900.0,CE,2026-09-17,2026-09-17 15:09:00+05:30,527.0,541.3,520.3,524.05,7400,93280
SENSEX 73900 CE 17 SEP 26,73900.0,CE,2026-09-17,2026-09-17 15:10:00+05:30,526.9,546.5,516.0,530.0,6360,93280
SENSEX 73900 CE 17 SEP 26,73900.0,CE,2026-09-17,2026-09-17 15:11:00+05:30,529.95,535.75,497.85,501.15,14240,93280
SENSEX 73900 CE 17 SEP 26,73900.0,CE,2026-09-17,2026-09-17 15:12:00+05:30,512.5,534.95,505.75,520.65,8900,87200
SENSEX 73900 CE 17 SEP 26,73900.0,CE,2026-09-17,2026-09-17 15:13:00+05:30,519.95,549.05,517.7,537.65,11120,87200
SENSEX 73900 CE 17 SEP 26,73900.0,CE,2026-09-17,2026-09-17 15:14:00+05:30,544.9,604.5,543.1,580.75,19920,87200
SENSEX 73900 CE 17 SEP 26,73900.0,CE,2026-09-17,2026-09-17 15:15:00+05:30,575.55,583.3,528.7,536.5,20760,79340
SENSEX 73900 CE 17 SEP 26,73900.0,CE,2026-09-17,2026-09-17 15:16:00+05:30,538.3,571.3,512.7,544.55,14760,79340
SENSEX 73900 CE 17 SEP 26,73900.0,CE,2026-09-17,2026-09-17 15:17:00+05:30,555.0,558.15,546.9,549.85,3660,79340
SENSEX 73900 CE 17 SEP 26,73900.0,CE,2026-09-17,2026-09-17 15:18:00+05:30,549.4,580.65,533.65,553.25,22420,83340
SENSEX 73900 CE 17 SEP 26,73900.0,CE,2026-09-17,2026-09-17 15:19:00+05:30,549.4,610.95,523.8,542.5,29500,83340
SENSEX 73900 CE 17 SEP 26,73900.0,CE,2026-09-17,2026-09-17 15:20:00+05:30,531.7,566.8,454.15,503.55,85860,85620
SENSEX 73900 CE 17 SEP 26,73900.0,CE,2026-09-17,2026-09-17 15:21:00+05:30,507.0,600.0,507.0,547.15,27400,85620
SENSEX 73900 CE 17 SEP 26,73900.0,CE,2026-09-17,2026-09-17 15:22:00+05:30,546.25,560.75,486.15,523.05,25520,85620
SENSEX 73900 CE 17 SEP 26,73900.0,CE,2026-09-17,2026-09-17 15:23:00+05:30,518.45,527.8,465.7,508.1,34080,80260
SENSEX 73900 CE 17 SEP 26,73900.0,CE,2026-09-17,2026-09-17 15:24:00+05:30,505.4,650.3,505.4,615.0,58860,80260
SENSEX 73900 CE 17 SEP 26,73900.0,CE,2026-09-17,2026-09-17 15:25:00+05:30,604.5,654.0,506.25,520.75,87560,80260
SENSEX 73900 CE 17 SEP 26,73900.0,CE,2026-09-17,2026-09-17 15:26:00+05:30,521.6,629.75,474.85,618.0,87900,73040
SENSEX 73900 CE 17 SEP 26,73900.0,CE,2026-09-17,2026-09-17 15:27:00+05:30,617.2,629.45,510.1,515.95,54480,73040
SENSEX 73900 CE 17 SEP 26,73900.0,CE,2026-09-17,2026-09-17 15:28:00+05:30,512.4,512.85,406.35,414.0,92280,78560
SENSEX 73900 CE 17 SEP 26,73900.0,CE,2026-09-17,2026-09-17 15:29:00+05:30,414.45,415.2,413.9,415.0,11040,78560
SENSEX 73900 CE 17 SEP 26,73900.0,CE,2026-09-17,2026-09-17 15:30:00+05:30,414.05,415.15,413.6,414.2,24460,78560
SENSEX 73900 PE 17 SEP 26,73900.0,PE,2026-09-17,2026-09-17 15:00:00+05:30,37.1,39.7,30.2,32.7,1285940,3254980
SENSEX 73900 PE 17 SEP 26,73900.0,PE,2026-09-17,2026-09-17 15:01:00+05:30,32.25,33.0,27.6,30.45,932800,3102780
SENSEX 73900 PE 17 SEP 26,73900.0,PE,2026-09-17,2026-09-17 15:02:00+05:30,30.9,31.25,25.4,26.3,796880,3102780
SENSEX 73900 PE 17 SEP 26,73900.0,PE,2026-09-17,2026-09-17 15:03:00+05:30,27.0,28.55,25.15,27.5,741840,3102780
SENSEX 73900 PE 17 SEP 26,73900.0,PE,2026-09-17,2026-09-17 15:04:00+05:30,27.3,31.2,25.85,31.2,606140,3084340
SENSEX 73900 PE 17 SEP 26,73900.0,PE,2026-09-17,2026-09-17 15:05:00+05:30,30.65,30.65,22.85,25.7,1344520,3084340
SENSEX 73900 PE 17 SEP 26,73900.0,PE,2026-09-17,2026-09-17 15:06:00+05:30,25.75,26.45,23.85,25.5,641640,3084340
SENSEX 73900 PE 17 SEP 26,73900.0,PE,2026-09-17,2026-09-17 15:07:00+05:30,25.7,29.35,24.8,28.5,515060,3053560
SENSEX 73900 PE 17 SEP 26,73900.0,PE,2026-09-17,2026-09-17 15:08:00+05:30,28.75,30.75,27.05,29.15,472600,3053560
SENSEX 73900 PE 17 SEP 26,73900.0,PE,2026-09-17,2026-09-17 15:09:00+05:30,29.35,29.9,26.65,29.9,486360,3060500
SENSEX 73900 PE 17 SEP 26,73900.0,PE,2026-09-17,2026-09-17 15:10:00+05:30,30.4,31.25,26.6,29.75,564140,3060500
SENSEX 73900 PE 17 SEP 26,73900.0,PE,2026-09-17,2026-09-17 15:11:00+05:30,30.35,33.15,29.85,33.0,626440,3060500
SENSEX 73900 PE 17 SEP 26,73900.0,PE,2026-09-17,2026-09-17 15:12:00+05:30,32.0,32.35,27.75,30.6,821660,3101100
SENSEX 73900 PE 17 SEP 26,73900.0,PE,2026-09-17,2026-09-17 15:13:00+05:30,29.8,30.55,25.25,27.8,732960,3101100
SENSEX 73900 PE 17 SEP 26,73900.0,PE,2026-09-17,2026-09-17 15:14:00+05:30,27.75,28.7,20.0,20.55,1290900,3101100
SENSEX 73900 PE 17 SEP 26,73900.0,PE,2026-09-17,2026-09-17 15:15:00+05:30,20.65,27.75,20.55,27.25,1000000,3101120
SENSEX 73900 PE 17 SEP 26,73900.0,PE,2026-09-17,2026-09-17 15:16:00+05:30,26.7,28.75,23.1,26.0,761980,3101120
SENSEX 73900 PE 17 SEP 26,73900.0,PE,2026-09-17,2026-09-17 15:17:00+05:30,25.55,27.15,25.0,26.2,386640,3101120
SENSEX 73900 PE 17 SEP 26,73900.0,PE,2026-09-17,2026-09-17 15:18:00+05:30,26.35,27.45,21.1,25.45,964460,3177600
SENSEX 73900 PE 17 SEP 26,73900.0,PE,2026-09-17,2026-09-17 15:19:00+05:30,26.0,26.1,12.9,18.45,1637280,3177600
SENSEX 73900 PE 17 SEP 26,73900.0,PE,2026-09-17,2026-09-17 15:20:00+05:30,16.0,25.6,9.55,11.35,3407700,3082300
SENSEX 73900 PE 17 SEP 26,73900.0,PE,2026-09-17,2026-09-17 15:21:00+05:30,11.65,11.65,3.4,4.3,4028560,3082300
SENSEX 73900 PE 17 SEP 26,73900.0,PE,2026-09-17,2026-09-17 15:22:00+05:30,3.95,6.0,2.5,3.55,2709520,3082300
SENSEX 73900 PE 17 SEP 26,73900.0,PE,2026-09-17,2026-09-17 15:23:00+05:30,3.7,5.4,3.15,4.4,2126580,2791320
SENSEX 73900 PE 17 SEP 26,73900.0,PE,2026-09-17,2026-09-17 15:24:00+05:30,4.4,4.4,1.1,1.55,2665640,2791320
SENSEX 73900 PE 17 SEP 26,73900.0,PE,2026-09-17,2026-09-17 15:25:00+05:30,1.5,1.7,1.3,1.5,2071720,2791320
SENSEX 73900 PE 17 SEP 26,73900.0,PE,2026-09-17,2026-09-17 15:26:00+05:30,1.35,1.45,0.25,0.6,1775020,2323080
SENSEX 73900 PE 17 SEP 26,73900.0,PE,2026-09-17,2026-09-17 15:27:00+05:30,0.65,0.9,0.55,0.6,1252580,2323080
SENSEX 73900 PE 17 SEP 26,73900.0,PE,2026-09-17,2026-09-17 15:28:00+05:30,0.65,1.05,0.1,0.1,1088300,2038140
SENSEX 73900 PE 17 SEP 26,73900.0,PE,2026-09-17,2026-09-17 15:29:00+05:30,0.15,0.15,0.1,0.15,289500,2038140
SENSEX 73900 PE 17 SEP 26,73900.0,PE,2026-09-17,2026-09-17 15:30:00+05:30,0.1,0.15,0.1,0.1,267760,2038140
SENSEX 74000 CE 17 SEP 26,74000.0,CE,2026-09-17,2026-09-17 15:00:00+05:30,436.65,463.15,424.95,454.05,101460,360760
SENSEX 74000 CE 17 SEP 26,74000.0,CE,2026-09-17,2026-09-17 15:01:00+05:30,457.0,466.95,447.0,448.25,80420,344180
SENSEX 74000 CE 17 SEP 26,74000.0,CE,2026-09-17,2026-09-17 15:02:00+05:30,443.15,461.25,430.55,458.5,58120,344180
SENSEX 74000 CE 17 SEP 26,74000.0,CE,2026-09-17,2026-09-17 15:03:00+05:30,455.0,464.2,443.35,452.65,43500,344180
SENSEX 74000 CE 17 SEP 26,74000.0,CE,2026-09-17,2026-09-17 15:04:00+05:30,452.65,457.9,422.3,422.3,63980,351640
SENSEX 74000 CE 17 SEP 26,74000.0,CE,2026-09-17,2026-09-17 15:05:00+05:30,422.25,456.85,422.25,436.85,67260,351640
SENSEX 74000 CE 17 SEP 26,74000.0,CE,2026-09-17,2026-09-17 15:06:00+05:30,440.65,451.9,435.1,448.45,30900,351640
SENSEX 74000 CE 17 SEP 26,74000.0,CE,2026-09-17,2026-09-17 15:07:00+05:30,449.3,458.0,440.8,446.75,41360,337920
SENSEX 74000 CE 17 SEP 26,74000.0,CE,2026-09-17,2026-09-17 15:08:00+05:30,447.3,447.6,430.0,440.5,43680,337920
SENSEX 74000 CE 17 SEP 26,74000.0,CE,2026-09-17,2026-09-17 15:09:00+05:30,439.1,449.65,430.75,437.2,33180,339500
SENSEX 74000 CE 17 SEP 26,74000.0,CE,2026-09-17,2026-09-17 15:10:00+05:30,439.6,456.8,426.0,446.35,64200,339500
SENSEX 74000 CE 17 SEP 26,74000.0,CE,2026-09-17,2026-09-17 15:11:00+05:30,444.0,447.25,405.2,417.5,107840,339500
SENSEX 74000 CE 17 SEP 26,74000.0,CE,2026-09-17,2026-09-17 15:12:00+05:30,422.8,444.6,418.6,428.3,59880,315820
SENSEX 74000 CE 17 SEP 26,74000.0,CE,2026-09-17,2026-09-17 15:13:00+05:30,433.3,458.8,431.0,449.55,84680,315820
SENSEX 74000 CE 17 SEP 26,74000.0,CE,2026-09-17,2026-09-17 15:14:00+05:30,456.0,512.65,450.95,493.6,175360,315820
SENSEX 74000 CE 17 SEP 26,74000.0,CE,2026-09-17,2026-09-17 15:15:00+05:30,487.3,492.65,443.75,443.75,91240,307300
SENSEX 74000 CE 17 SEP 26,74000.0,CE,2026-09-17,2026-09-17 15:16:00+05:30,453.9,482.6,432.15,462.05,72140,307300
SENSEX 74000 CE 17 SEP 26,74000.0,CE,2026-09-17,2026-09-17 15:17:00+05:30,468.0,468.8,456.05,459.45,33780,307300
SENSEX 74000 CE 17 SEP 26,74000.0,CE,2026-09-17,2026-09-17 15:18:00+05:30,459.5,486.35,445.45,468.75,95380,306800
SENSEX 74000 CE 17 SEP 26,74000.0,CE,2026-09-17,2026-09-17 15:19:00+05:30,462.05,516.8,437.55,460.45,130720,306800
SENSEX 74000 CE 17 SEP 26,74000.0,CE,2026-09-17,2026-09-17 15:20:00+05:30,457.55,475.15,377.2,411.95,332520,292660
SENSEX 74000 CE 17 SEP 26,74000.0,CE,2026-09-17,2026-09-17 15:21:00+05:30,417.1,498.75,416.45,442.5,201380,292660
SENSEX 74000 CE 17 SEP 26,74000.0,CE,2026-09-17,2026-09-17 15:22:00+05:30,442.85,464.65,390.0,432.7,238560,292660
SENSEX 74000 CE 17 SEP 26,74000.0,CE,2026-09-17,2026-09-17 15:23:00+05:30,417.45,435.0,371.3,409.7,194920,348780
SENSEX 74000 CE 17 SEP 26,74000.0,CE,2026-09-17,2026-09-17 15:24:00+05:30,411.65,553.9,408.0,502.15,309660,348780
SENSEX 74000 CE 17 SEP 26,74000.0,CE,2026-09-17,2026-09-17 15:25:00+05:30,506.15,546.9,404.3,416.85,310180,348780
SENSEX 74000 CE 17 SEP 26,74000.0,CE,2026-09-17,2026-09-17 15:26:00+05:30,424.45,528.8,376.5,506.9,345880,234900
SENSEX 74000 CE 17 SEP 26,74000.0,CE,2026-09-17,2026-09-17 15:27:00+05:30,518.55,533.75,410.75,413.45,295600,234900
SENSEX 74000 CE 17 SEP 26,74000.0,CE,2026-09-17,2026-09-17 15:28:00+05:30,411.6,411.65,314.35,314.5,335780,272260
SENSEX 74000 CE 17 SEP 26,74000.0,CE,2026-09-17,2026-09-17 15:29:00+05:30,315.0,315.7,314.2,314.4,58600,272260
SENSEX 74000 CE 17 SEP 26,74000.0,CE,2026-09-17,2026-09-17 15:30:00+05:30,314.4,315.4,314.1,314.9,65200,272260
SENSEX 74000 PE 17 SEP 26,74000.0,PE,2026-09-17,2026-09-17 15:00:00+05:30,53.4,55.0,43.65,44.7,2397300,7065620
SENSEX 74000 PE 17 SEP 26,74000.0,PE,2026-09-17,2026-09-17 15:01:00+05:30,45.2,46.7,39.0,42.5,1794860,6900160
SENSEX 74000 PE 17 SEP 26,74000.0,PE,2026-09-17,2026-09-17 15:02:00+05:30,43.05,44.4,36.05,37.15,1598760,6900160
SENSEX 74000 PE 17 SEP 26,74000.0,PE,2026-09-17,2026-09-17 15:03:00+05:30,37.9,40.25,35.6,38.55,1205600,6900160
SENSEX 74000 PE 17 SEP 26,74000.0,PE,2026-09-17,2026-09-17 15:04:00+05:30,38.6,43.45,36.7,43.45,1145860,6964680
SENSEX 74000 PE 17 SEP 26,74000.0,PE,2026-09-17,2026-09-17 15:05:00+05:30,43.55,43.55,33.0,36.95,2049440,6964680
SENSEX 74000 PE 17 SEP 26,74000.0,PE,2026-09-17,2026-09-17 15:06:00+05:30,36.8,37.7,34.7,36.35,989780,6964680
SENSEX 74000 PE 17 SEP 26,74000.0,PE,2026-09-17,2026-09-17 15:07:00+05:30,36.65,41.05,35.7,39.75,967200,7035220
SENSEX 74000 PE 17 SEP 26,74000.0,PE,2026-09-17,2026-09-17 15:08:00+05:30,40.15,43.4,38.3,41.15,1013400,7035220
SENSEX 74000 PE 17 SEP 26,74000.0,PE,2026-09-17,2026-09-17 15:09:00+05:30,41.1,42.1,37.75,41.95,845080,6988060
SENSEX 74000 PE 17 SEP 26,74000.0,PE,2026-09-17,2026-09-17 15:10:00+05:30,42.4,44.4,37.65,42.4,1277020,6988060
SENSEX 74000 PE 17 SEP 26,74000.0,PE,2026-09-17,2026-09-17 15:11:00+05:30,42.95,46.95,42.1,44.65,1146280,6988060
SENSEX 74000 PE 17 SEP 26,74000.0,PE,2026-09-17,2026-09-17 15:12:00+05:30,45.85,45.95,39.45,42.5,1245080,6842660
SENSEX 74000 PE 17 SEP 26,74000.0,PE,2026-09-17,2026-09-17 15:13:00+05:30,43.6,43.6,36.15,39.9,1241300,6842660
SENSEX 74000 PE 17 SEP 26,74000.0,PE,2026-09-17,2026-09-17 15:14:00+05:30,40.45,41.15,29.1,30.2,2175720,6842660
SENSEX 74000 PE 17 SEP 26,74000.0,PE,2026-09-17,2026-09-17 15:15:00+05:30,30.4,39.65,30.4,39.55,1544540,6672140
SENSEX 74000 PE 17 SEP 26,74000.0,PE,2026-09-17,2026-09-17 15:16:00+05:30,38.85,42.95,34.0,38.05,1530800,6672140
SENSEX 74000 PE 17 SEP 26,74000.0,PE,2026-09-17,2026-09-17 15:17:00+05:30,37.45,39.7,37.3,38.35,702880,6672140
SENSEX 74000 PE 17 SEP 26,74000.0,PE,2026-09-17,2026-09-17 15:18:00+05:30,38.3,38.3,30.0,37.65,1488800,6648860
SENSEX 74000 PE 17 SEP 26,74000.0,PE,2026-09-17,2026-09-17 15:19:00+05:30,38.1,38.1,21.15,28.2,2091580,6648860
SENSEX 74000 PE 17 SEP 26,74000.0,PE,2026-09-17,2026-09-17 15:20:00+05:30,20.35,34.05,15.25,19.0,5934280,6431100
SENSEX 74000 PE 17 SEP 26,74000.0,PE,2026-09-17,2026-09-17 15:21:00+05:30,17.5,17.5,4.65,5.95,7734480,6431100
SENSEX 74000 PE 17 SEP 26,74000.0,PE,2026-09-17,2026-09-17 15:22:00+05:30,5.8,9.2,3.35,5.4,5801640,6431100
SENSEX 74000 PE 17 SEP 26,74000.0,PE,2026-09-17,2026-09-17 15:23:00+05:30,5.65,9.75,4.75,7.35,4620020,6644300
SENSEX 74000 PE 17 SEP 26,74000.0,PE,2026-09-17,2026-09-17 15:24:00+05:30,7.35,7.35,1.7,1.85,5952520,6644300
SENSEX 74000 PE 17 SEP 26,74000.0,PE,2026-09-17,2026-09-17 15:25:00+05:30,1.8,2.45,1.45,2.15,4475760,6644300
SENSEX 74000 PE 17 SEP 26,74000.0,PE,2026-09-17,2026-09-17 15:26:00+05:30,2.1,2.35,0.25,0.75,4419440,5839220
SENSEX 74000 PE 17 SEP 26,74000.0,PE,2026-09-17,2026-09-17 15:27:00+05:30,0.65,1.2,0.65,0.8,3074780,5839220
SENSEX 74000 PE 17 SEP 26,74000.0,PE,2026-09-17,2026-09-17 15:28:00+05:30,0.8,1.7,0.1,0.1,3166140,4569140
SENSEX 74000 PE 17 SEP 26,74000.0,PE,2026-09-17,2026-09-17 15:29:00+05:30,0.1,0.15,0.1,0.15,1162420,4569140
SENSEX 74000 PE 17 SEP 26,74000.0,PE,2026-09-17,2026-09-17 15:30:00+05:30,0.1,0.15,0.05,0.05,1014960,4569140
SENSEX 74100 CE 17 SEP 26,74100.0,CE,2026-09-17,2026-09-17 15:00:00+05:30,350.75,380.3,343.5,373.75,93700,343860
SENSEX 74100 CE 17 SEP 26,74100.0,CE,2026-09-17,2026-09-17 15:01:00+05:30,369.4,384.45,362.55,362.55,65460,347720
SENSEX 74100 CE 17 SEP 26,74100.0,CE,2026-09-17,2026-09-17 15:02:00+05:30,357.8,375.0,348.45,372.9,62500,347720
SENSEX 74100 CE 17 SEP 26,74100.0,CE,2026-09-17,2026-09-17 15:03:00+05:30,370.05,378.65,357.65,367.1,42300,347720
SENSEX 74100 CE 17 SEP 26,74100.0,CE,2026-09-17,2026-09-17 15:04:00+05:30,370.0,372.9,338.4,338.4,56060,350460
SENSEX 74100 CE 17 SEP 26,74100.0,CE,2026-09-17,2026-09-17 15:05:00+05:30,339.05,370.85,336.35,352.45,62960,350460
SENSEX 74100 CE 17 SEP 26,74100.0,CE,2026-09-17,2026-09-17 15:06:00+05:30,352.8,365.0,350.25,361.4,27800,350460
SENSEX 74100 CE 17 SEP 26,74100.0,CE,2026-09-17,2026-09-17 15:07:00+05:30,365.0,372.0,355.35,363.75,32180,338400
SENSEX 74100 CE 17 SEP 26,74100.0,CE,2026-09-17,2026-09-17 15:08:00+05:30,359.55,361.15,345.6,354.55,32220,338400
SENSEX 74100 CE 17 SEP 26,74100.0,CE,2026-09-17,2026-09-17 15:09:00+05:30,354.45,365.0,349.25,352.55,27620,340720
SENSEX 74100 CE 17 SEP 26,74100.0,CE,2026-09-17,2026-09-17 15:10:00+05:30,353.1,372.95,344.7,362.05,49900,340720
SENSEX 74100 CE 17 SEP 26,74100.0,CE,2026-09-17,2026-09-17 15:11:00+05:30,357.9,362.25,321.6,335.8,79240,340720
SENSEX 74100 CE 17 SEP 26,74100.0,CE,2026-09-17,2026-09-17 15:12:00+05:30,342.4,361.2,335.05,346.8,50100,322100
SENSEX 74100 CE 17 SEP 26,74100.0,CE,2026-09-17,2026-09-17 15:13:00+05:30,343.85,374.7,343.85,365.8,46600,322100
SENSEX 74100 CE 17 SEP 26,74100.0,CE,2026-09-17,2026-09-17 15:14:00+05:30,373.45,421.55,367.7,408.2,112020,322100
SENSEX 74100 CE 17 SEP 26,74100.0,CE,2026-09-17,2026-09-17 15:15:00+05:30,400.05,407.7,362.75,362.75,83280,304200
SENSEX 74100 CE 17 SEP 26,74100.0,CE,2026-09-17,2026-09-17 15:16:00+05:30,370.0,398.1,352.4,377.8,51440,304200
SENSEX 74100 CE 17 SEP 26,74100.0,CE,2026-09-17,2026-09-17 15:17:00+05:30,382.25,387.75,375.0,375.75,20260,304200
SENSEX 74100 CE 17 SEP 26,74100.0,CE,2026-09-17,2026-09-17 15:18:00+05:30,377.65,407.8,356.1,380.15,77160,307780
SENSEX 74100 CE 17 SEP 26,74100.0,CE,2026-09-17,2026-09-17 15:19:00+05:30,376.3,429.3,352.0,368.45,93760,307780
SENSEX 74100 CE 17 SEP 26,74100.0,CE,2026-09-17,2026-09-17 15:20:00+05:30,389.25,389.25,287.5,322.75,225860,300360
SENSEX 74100 CE 17 SEP 26,74100.0,CE,2026-09-17,2026-09-17 15:21:00+05:30,323.05,406.15,323.05,352.9,176340,300360
SENSEX 74100 CE 17 SEP 26,74100.0,CE,2026-09-17,2026-09-17 15:22:00+05:30,351.75,364.25,294.5,325.75,171040,300360
SENSEX 74100 CE 17 SEP 26,74100.0,CE,2026-09-17,2026-09-17 15:23:00+05:30,327.2,332.8,274.95,315.9,148220,287760
SENSEX 74100 CE 17 SEP 26,74100.0,CE,2026-09-17,2026-09-17 15:24:00+05:30,314.35,444.35,313.5,415.55,228800,287760
SENSEX 74100 CE 17 SEP 26,74100.0,CE,2026-09-17,2026-09-17 15:25:00+05:30,405.2,454.8,300.05,316.8,320520,287760
SENSEX 74100 CE 17 SEP 26,74100.0,CE,2026-09-17,2026-09-17 15:26:00+05:30,324.2,429.65,275.55,415.65,310240,241640
SENSEX 74100 CE 17 SEP 26,74100.0,CE,2026-09-17,2026-09-17 15:27:00+05:30,416.65,429.95,310.65,314.6,214600,241640
SENSEX 74100 CE 17 SEP 26,74100.0,CE,2026-09-17,2026-09-17 15:28:00+05:30,310.1,311.15,205.35,215.85,380180,197920
SENSEX 74100 CE 17 SEP 26,74100.0,CE,2026-09-17,2026-09-17 15:29:00+05:30,215.1,215.1,214.1,214.8,49940,197920
SENSEX 74100 CE 17 SEP 26,74100.0,CE,2026-09-17,2026-09-17 15:30:00+05:30,214.6,214.9,214.15,214.25,33860,197920
SENSEX 74100 PE 17 SEP 26,74100.0,PE,2026-09-17,2026-09-17 15:00:00+05:30,72.8,74.75,58.7,62.25,1539840,3727320
SENSEX 74100 PE 17 SEP 26,74100.0,PE,2026-09-17,2026-09-17 15:01:00+05:30,61.25,62.85,54.1,58.7,1013860,3672180
SENSEX 74100 PE 17 SEP 26,74100.0,PE,2026-09-17,2026-09-17 15:02:00+05:30,60.0,60.3,50.7,52.65,953480,3672180
SENSEX 74100 PE 17 SEP 26,74100.0,PE,2026-09-17,2026-09-17 15:03:00+05:30,53.7,55.55,50.15,54.15,796620,3672180
SENSEX 74100 PE 17 SEP 26,74100.0,PE,2026-09-17,2026-09-17 15:04:00+05:30,53.65,60.6,51.2,60.6,747900,3769960
SENSEX 74100 PE 17 SEP 26,74100.0,PE,2026-09-17,2026-09-17 15:05:00+05:30,60.6,60.6,46.9,52.25,1366640,3769960
SENSEX 74100 PE 17 SEP 26,74100.0,PE,2026-09-17,2026-09-17 15:06:00+05:30,52.05,53.6,49.45,51.65,609880,3769960
SENSEX 74100 PE 17 SEP 26,74100.0,PE,2026-09-17,2026-09-17 15:07:00+05:30,51.85,57.35,50.55,55.6,560840,3824320
SENSEX 74100 PE 17 SEP 26,74100.0,PE,2026-09-17,2026-09-17 15:08:00+05:30,56.6,59.85,53.9,57.3,678020,3824320
SENSEX 74100 PE 17 SEP 26,74100.0,PE,2026-09-17,2026-09-17 15:09:00+05:30,57.55,58.65,53.4,58.65,480880,3704300
SENSEX 74100 PE 17 SEP 26,74100.0,PE,2026-09-17,2026-09-17 15:10:00+05:30,58.85,62.25,53.65,59.0,739740,3704300
SENSEX 74100 PE 17 SEP 26,74100.0,PE,2026-09-17,2026-09-17 15:11:00+05:30,60.35,65.35,58.35,65.35,741480,3704300
SENSEX 74100 PE 17 SEP 26,74100.0,PE,2026-09-17,2026-09-17 15:12:00+05:30,62.3,65.0,55.85,60.3,899720,3716200
SENSEX 74100 PE 17 SEP 26,74100.0,PE,2026-09-17,2026-09-17 15:13:00+05:30,59.85,60.75,51.25,56.6,832420,3716200
SENSEX 74100 PE 17 SEP 26,74100.0,PE,2026-09-17,2026-09-17 15:14:00+05:30,56.1,57.75,41.15,43.05,1344780,3716200
SENSEX 74100 PE 17 SEP 26,74100.0,PE,2026-09-17,2026-09-17 15:15:00+05:30,43.6,58.0,43.6,57.3,994320,3688360
SENSEX 74100 PE 17 SEP 26,74100.0,PE,2026-09-17,2026-09-17 15:16:00+05:30,55.3,59.65,48.65,54.3,1036500,3688360
SENSEX 74100 PE 17 SEP 26,74100.0,PE,2026-09-17,2026-09-17 15:17:00+05:30,53.2,56.35,52.5,53.85,369760,3688360
SENSEX 74100 PE 17 SEP 26,74100.0,PE,2026-09-17,2026-09-17 15:18:00+05:30,54.4,56.0,43.45,54.0,955540,3601640
SENSEX 74100 PE 17 SEP 26,74100.0,PE,2026-09-17,2026-09-17 15:19:00+05:30,54.85,54.85,35.35,42.95,1333220,3601640
SENSEX 74100 PE 17 SEP 26,74100.0,PE,2026-09-17,2026-09-17 15:20:00+05:30,30.0,51.15,24.5,30.05,4127360,3716620
SENSEX 74100 PE 17 SEP 26,74100.0,PE,2026-09-17,2026-09-17 15:21:00+05:30,30.55,30.55,8.05,9.05,5207660,3716620
SENSEX 74100 PE 17 SEP 26,74100.0,PE,2026-09-17,2026-09-17 15:22:00+05:30,8.55,15.4,4.55,8.2,4501840,3716620
SENSEX 74100 PE 17 SEP 26,74100.0,PE,2026-09-17,2026-09-17 15:23:00+05:30,9.35,15.75,7.2,12.1,3753540,3849200
SENSEX 74100 PE 17 SEP 26,74100.0,PE,2026-09-17,2026-09-17 15:24:00+05:30,11.9,11.9,2.35,2.5,5586560,3849200
SENSEX 74100 PE 17 SEP 26,74100.0,PE,2026-09-17,2026-09-17 15:25:00+05:30,2.45,3.45,1.6,2.85,3547380,3849200
SENSEX 74100 PE 17 SEP 26,74100.0,PE,2026-09-17,2026-09-17 15:26:00+05:30,2.5,3.25,0.2,1.1,3413980,3237000
SENSEX 74100 PE 17 SEP 26,74100.0,PE,2026-09-17,2026-09-17 15:27:00+05:30,1.1,1.5,0.8,1.2,2747620,3237000
SENSEX 74100 PE 17 SEP 26,74100.0,PE,2026-09-17,2026-09-17 15:28:00+05:30,1.15,3.75,0.1,0.1,2609140,2642340
SENSEX 74100 PE 17 SEP 26,74100.0,PE,2026-09-17,2026-09-17 15:29:00+05:30,0.1,0.15,0.1,0.15,746440,2642340
SENSEX 74100 PE 17 SEP 26,74100.0,PE,2026-09-17,2026-09-17 15:30:00+05:30,0.15,0.15,0.05,0.05,598400,2642340
SENSEX 74200 CE 17 SEP 26,74200.0,CE,2026-09-17,2026-09-17 15:00:00+05:30,269.25,297.9,268.1,291.65,228340,1045040
SENSEX 74200 CE 17 SEP 26,74200.0,CE,2026-09-17,2026-09-17 15:01:00+05:30,292.9,303.05,282.4,283.9,169460,1060600
SENSEX 74200 CE 17 SEP 26,74200.0,CE,2026-09-17,2026-09-17 15:02:00+05:30,279.35,294.35,269.45,292.95,159800,1060600
SENSEX 74200 CE 17 SEP 26,74200.0,CE,2026-09-17,2026-09-17 15:03:00+05:30,290.0,296.85,278.4,284.9,100560,1060600
SENSEX 74200 CE 17 SEP 26,74200.0,CE,2026-09-17,2026-09-17 15:04:00+05:30,286.9,291.75,259.5,259.5,146160,1051760
SENSEX 74200 CE 17 SEP 26,74200.0,CE,2026-09-17,2026-09-17 15:05:00+05:30,259.55,290.7,259.3,273.15,156840,1051760
SENSEX 74200 CE 17 SEP 26,74200.0,CE,2026-09-17,2026-09-17 15:06:00+05:30,273.75,285.7,269.85,281.75,79500,1051760
SENSEX 74200 CE 17 SEP 26,74200.0,CE,2026-09-17,2026-09-17 15:07:00+05:30,282.5,291.75,276.8,284.25,97260,1035100
SENSEX 74200 CE 17 SEP 26,74200.0,CE,2026-09-17,2026-09-17 15:08:00+05:30,281.1,282.95,268.25,276.0,94680,1035100
SENSEX 74200 CE 17 SEP 26,74200.0,CE,2026-09-17,2026-09-17 15:09:00+05:30,276.0,284.05,270.45,274.4,62000,1028500
SENSEX 74200 CE 17 SEP 26,74200.0,CE,2026-09-17,2026-09-17 15:10:00+05:30,275.45,294.5,268.15,283.65,116620,1028500
SENSEX 74200 CE 17 SEP 26,74200.0,CE,2026-09-17,2026-09-17 15:11:00+05:30,280.3,283.7,252.4,266.8,189040,1028500
SENSEX 74200 CE 17 SEP 26,74200.0,CE,2026-09-17,2026-09-17 15:12:00+05:30,263.1,282.0,259.25,270.05,139980,1011100
SENSEX 74200 CE 17 SEP 26,74200.0,CE,2026-09-17,2026-09-17 15:13:00+05:30,273.4,294.35,271.35,287.7,146380,1011100
SENSEX 74200 CE 17 SEP 26,74200.0,CE,2026-09-17,2026-09-17 15:14:00+05:30,294.65,339.05,287.55,317.65,271960,1011100
SENSEX 74200 CE 17 SEP 26,74200.0,CE,2026-09-17,2026-09-17 15:15:00+05:30,320.0,326.25,274.1,286.85,193820,945040
SENSEX 74200 CE 17 SEP 26,74200.0,CE,2026-09-17,2026-09-17 15:16:00+05:30,286.95,317.25,269.0,298.85,164140,945040
SENSEX 74200 CE 17 SEP 26,74200.0,CE,2026-09-17,2026-09-17 15:17:00+05:30,305.75,308.0,296.1,296.1,63220,945040
SENSEX 74200 CE 17 SEP 26,74200.0,CE,2026-09-17,2026-09-17 15:18:00+05:30,297.05,322.6,275.1,301.5,193060,949180
SENSEX 74200 CE 17 SEP 26,74200.0,CE,2026-09-17,2026-09-17 15:19:00+05:30,300.5,350.85,259.2,286.65,315360,949180
SENSEX 74200 CE 17 SEP 26,74200.0,CE,2026-09-17,2026-09-17 15:20:00+05:30,280.2,300.85,205.1,241.75,663820,956900
SENSEX 74200 CE 17 SEP 26,74200.0,CE,2026-09-17,2026-09-17 15:21:00+05:30,237.5,312.45,234.15,256.75,577940,956900
SENSEX 74200 CE 17 SEP 26,74200.0,CE,2026-09-17,2026-09-17 15:22:00+05:30,252.9,269.35,206.05,238.65,488940,956900
SENSEX 74200 CE 17 SEP 26,74200.0,CE,2026-09-17,2026-09-17 15:23:00+05:30,234.85,236.15,187.4,223.35,541420,940760
SENSEX 74200 CE 17 SEP 26,74200.0,CE,2026-09-17,2026-09-17 15:24:00+05:30,223.9,353.45,222.35,315.45,840400,940760
SENSEX 74200 CE 17 SEP 26,74200.0,CE,2026-09-17,2026-09-17 15:25:00+05:30,302.3,353.7,208.05,221.55,1036000,940760
SENSEX 74200 CE 17 SEP 26,74200.0,CE,2026-09-17,2026-09-17 15:26:00+05:30,223.75,329.75,171.05,307.95,888300,618000
SENSEX 74200 CE 17 SEP 26,74200.0,CE,2026-09-17,2026-09-17 15:27:00+05:30,314.25,327.8,211.75,214.6,583100,618000
SENSEX 74200 CE 17 SEP 26,74200.0,CE,2026-09-17,2026-09-17 15:28:00+05:30,213.9,213.9,112.0,114.85,1143280,642260
SENSEX 74200 CE 17 SEP 26,74200.0,CE,2026-09-17,2026-09-17 15:29:00+05:30,114.65,115.25,114.4,114.45,325360,642260
SENSEX 74200 CE 17 SEP 26,74200.0,CE,2026-09-17,2026-09-17 15:30:00+05:30,114.4,114.85,114.35,114.5,243400,642260
SENSEX 74200 PE 17 SEP 26,74200.0,PE,2026-09-17,2026-09-17 15:00:00+05:30,97.8,100.5,78.3,84.8,1592900,4399320
SENSEX 74200 PE 17 SEP 26,74200.0,PE,2026-09-17,2026-09-17 15:01:00+05:30,83.35,85.1,72.9,79.5,1384820,4234740
SENSEX 74200 PE 17 SEP 26,74200.0,PE,2026-09-17,2026-09-17 15:02:00+05:30,81.3,85.0,69.9,72.75,1167820,4234740
SENSEX 74200 PE 17 SEP 26,74200.0,PE,2026-09-17,2026-09-17 15:03:00+05:30,73.2,77.25,69.95,74.0,791380,4234740
SENSEX 74200 PE 17 SEP 26,74200.0,PE,2026-09-17,2026-09-17 15:04:00+05:30,74.55,83.25,71.5,82.8,855000,4370560
SENSEX 74200 PE 17 SEP 26,74200.0,PE,2026-09-17,2026-09-17 15:05:00+05:30,82.5,83.3,65.75,73.35,1471740,4370560
SENSEX 74200 PE 17 SEP 26,74200.0,PE,2026-09-17,2026-09-17 15:06:00+05:30,72.95,74.5,69.7,72.75,696680,4370560
SENSEX 74200 PE 17 SEP 26,74200.0,PE,2026-09-17,2026-09-17 15:07:00+05:30,73.3,78.9,70.8,77.55,657420,4600040
SENSEX 74200 PE 17 SEP 26,74200.0,PE,2026-09-17,2026-09-17 15:08:00+05:30,76.8,83.95,74.9,79.5,882420,4600040
SENSEX 74200 PE 17 SEP 26,74200.0,PE,2026-09-17,2026-09-17 15:09:00+05:30,80.2,81.95,74.1,81.7,597960,4418860
SENSEX 74200 PE 17 SEP 26,74200.0,PE,2026-09-17,2026-09-17 15:10:00+05:30,81.25,85.5,74.2,81.2,889960,4418860
SENSEX 74200 PE 17 SEP 26,74200.0,PE,2026-09-17,2026-09-17 15:11:00+05:30,82.5,89.7,80.55,85.0,833180,4418860
SENSEX 74200 PE 17 SEP 26,74200.0,PE,2026-09-17,2026-09-17 15:12:00+05:30,86.75,89.0,76.5,83.45,1000200,4293060
SENSEX 74200 PE 17 SEP 26,74200.0,PE,2026-09-17,2026-09-17 15:13:00+05:30,81.7,83.95,70.95,78.1,846800,4293060
SENSEX 74200 PE 17 SEP 26,74200.0,PE,2026-09-17,2026-09-17 15:14:00+05:30,77.55,79.8,58.45,60.75,1648600,4293060
SENSEX 74200 PE 17 SEP 26,74200.0,PE,2026-09-17,2026-09-17 15:15:00+05:30,61.5,78.8,61.5,78.5,1075040,3980820
SENSEX 74200 PE 17 SEP 26,74200.0,PE,2026-09-17,2026-09-17 15:16:00+05:30,76.55,84.85,67.7,75.8,1016860,3980820
SENSEX 74200 PE 17 SEP 26,74200.0,PE,2026-09-17,2026-09-17 15:17:00+05:30,75.6,78.35,73.4,75.15,458260,3980820
SENSEX 74200 PE 17 SEP 26,74200.0,PE,2026-09-17,2026-09-17 15:18:00+05:30,76.35,79.5,62.75,75.95,1002960,3948200
SENSEX 74200 PE 17 SEP 26,74200.0,PE,2026-09-17,2026-09-17 15:19:00+05:30,76.1,76.45,50.9,61.7,1358140,3948200
SENSEX 74200 PE 17 SEP 26,74200.0,PE,2026-09-17,2026-09-17 15:20:00+05:30,46.9,77.6,36.65,47.55,4110780,4093100
SENSEX 74200 PE 17 SEP 26,74200.0,PE,2026-09-17,2026-09-17 15:21:00+05:30,46.4,46.4,14.55,16.95,5108440,4093100
SENSEX 74200 PE 17 SEP 26,74200.0,PE,2026-09-17,2026-09-17 15:22:00+05:30,16.85,26.5,8.95,15.75,5542320,4093100
SENSEX 74200 PE 17 SEP 26,74200.0,PE,2026-09-17,2026-09-17 15:23:00+05:30,16.25,29.6,13.5,22.6,4733780,4780220
SENSEX 74200 PE 17 SEP 26,74200.0,PE,2026-09-17,2026-09-17 15:24:00+05:30,22.25,22.25,3.4,3.95,6989620,4780220
SENSEX 74200 PE 17 SEP 26,74200.0,PE,2026-09-17,2026-09-17 15:25:00+05:30,3.85,6.0,1.8,4.8,6569540,4780220
SENSEX 74200 PE 17 SEP 26,74200.0,PE,2026-09-17,2026-09-17 15:26:00+05:30,4.8,6.05,0.25,1.35,6753180,4533920
SENSEX 74200 PE 17 SEP 26,74200.0,PE,2026-09-17,2026-09-17 15:27:00+05:30,1.25,3.0,1.15,1.75,4254340,4533920
SENSEX 74200 PE 17 SEP 26,74200.0,PE,2026-09-17,2026-09-17 15:28:00+05:30,1.6,6.25,0.1,0.15,5137460,4315260
SENSEX 74200 PE 17 SEP 26,74200.0,PE,2026-09-17,2026-09-17 15:29:00+05:30,0.1,0.15,0.05,0.05,1686260,4315260
SENSEX 74200 PE 17 SEP 26,74200.0,PE,2026-09-17,2026-09-17 15:30:00+05:30,0.1,0.1,0.05,0.05,833320,4315260
SENSEX 74300 CE 17 SEP 26,74300.0,CE,2026-09-17,2026-09-17 15:00:00+05:30,209.45,225.65,201.05,222.1,473300,1970180
SENSEX 74300 CE 17 SEP 26,74300.0,CE,2026-09-17,2026-09-17 15:01:00+05:30,219.45,230.0,212.35,212.35,405060,2007060
SENSEX 74300 CE 17 SEP 26,74300.0,CE,2026-09-17,2026-09-17 15:02:00+05:30,211.1,220.4,201.0,218.6,402720,2007060
SENSEX 74300 CE 17 SEP 26,74300.0,CE,2026-09-17,2026-09-17 15:03:00+05:30,218.0,223.95,206.7,213.95,278760,2007060
SENSEX 74300 CE 17 SEP 26,74300.0,CE,2026-09-17,2026-09-17 15:04:00+05:30,214.25,218.2,192.05,192.35,393140,2018340
SENSEX 74300 CE 17 SEP 26,74300.0,CE,2026-09-17,2026-09-17 15:05:00+05:30,192.0,212.1,191.65,201.8,403240,2018340
SENSEX 74300 CE 17 SEP 26,74300.0,CE,2026-09-17,2026-09-17 15:06:00+05:30,202.9,213.25,198.1,211.0,222040,2018340
SENSEX 74300 CE 17 SEP 26,74300.0,CE,2026-09-17,2026-09-17 15:07:00+05:30,210.1,219.45,204.8,212.2,243280,1994240
SENSEX 74300 CE 17 SEP 26,74300.0,CE,2026-09-17,2026-09-17 15:08:00+05:30,206.0,210.7,197.85,205.45,270200,1994240
SENSEX 74300 CE 17 SEP 26,74300.0,CE,2026-09-17,2026-09-17 15:09:00+05:30,205.85,213.2,200.65,202.55,248800,1994240
SENSEX 74300 CE 17 SEP 26,74300.0,CE,2026-09-17,2026-09-17 15:10:00+05:30,203.65,219.75,198.85,212.5,394740,2050860
SENSEX 74300 CE 17 SEP 26,74300.0,CE,2026-09-17,2026-09-17 15:11:00+05:30,209.85,211.75,184.35,188.3,431920,2050860
SENSEX 74300 CE 17 SEP 26,74300.0,CE,2026-09-17,2026-09-17 15:12:00+05:30,193.8,210.05,191.05,199.25,363480,2059480
SENSEX 74300 CE 17 SEP 26,74300.0,CE,2026-09-17,2026-09-17 15:13:00+05:30,202.5,220.8,200.55,216.2,396160,2059480
SENSEX 74300 CE 17 SEP 26,74300.0,CE,2026-09-17,2026-09-17 15:14:00+05:30,219.4,262.3,216.35,243.7,812600,2059480
SENSEX 74300 CE 17 SEP 26,74300.0,CE,2026-09-17,2026-09-17 15:15:00+05:30,243.55,250.65,200.4,215.85,566760,1967760
SENSEX 74300 CE 17 SEP 26,74300.0,CE,2026-09-17,2026-09-17 15:16:00+05:30,216.95,242.45,202.35,226.4,407040,1967760
SENSEX 74300 CE 17 SEP 26,74300.0,CE,2026-09-17,2026-09-17 15:17:00+05:30,226.9,234.55,225.45,225.45,179520,1967760
SENSEX 74300 CE 17 SEP 26,74300.0,CE,2026-09-17,2026-09-17 15:18:00+05:30,225.45,245.0,194.15,230.35,514920,1876080
SENSEX 74300 CE 17 SEP 26,74300.0,CE,2026-09-17,2026-09-17 15:19:00+05:30,227.35,267.2,193.2,213.65,767960,1876080
SENSEX 74300 CE 17 SEP 26,74300.0,CE,2026-09-17,2026-09-17 15:20:00+05:30,214.6,220.65,134.65,165.8,1897300,1930300
SENSEX 74300 CE 17 SEP 26,74300.0,CE,2026-09-17,2026-09-17 15:21:00+05:30,165.0,226.85,164.6,170.45,1225940,1930300
SENSEX 74300 CE 17 SEP 26,74300.0,CE,2026-09-17,2026-09-17 15:22:00+05:30,172.4,182.8,124.9,152.05,1604420,1930300
SENSEX 74300 CE 17 SEP 26,74300.0,CE,2026-09-17,2026-09-17 15:23:00+05:30,146.65,155.35,109.4,144.15,2266060,2173140
SENSEX 74300 CE 17 SEP 26,74300.0,CE,2026-09-17,2026-09-17 15:24:00+05:30,145.2,250.85,143.6,211.85,2639500,2173140
SENSEX 74300 CE 17 SEP 26,74300.0,CE,2026-09-17,2026-09-17 15:25:00+05:30,212.05,262.65,122.15,130.25,2501700,2173140
SENSEX 74300 CE 17 SEP 26,74300.0,CE,2026-09-17,2026-09-17 15:26:00+05:30,130.7,229.3,82.8,207.45,2843940,1687860
SENSEX 74300 CE 17 SEP 26,74300.0,CE,2026-09-17,2026-09-17 15:27:00+05:30,215.2,230.05,108.6,119.4,1546480,1687860
SENSEX 74300 CE 17 SEP 26,74300.0,CE,2026-09-17,2026-09-17 15:28:00+05:30,113.45,115.85,14.0,15.1,7673540,3382100
SENSEX 74300 CE 17 SEP 26,74300.0,CE,2026-09-17,2026-09-17 15:29:00+05:30,15.1,15.45,14.65,14.7,4053880,3382100
SENSEX 74300 CE 17 SEP 26,74300.0,CE,2026-09-17,2026-09-17 15:30:00+05:30,14.85,15.0,14.65,14.75,3294220,3382100
SENSEX 74300 PE 17 SEP 26,74300.0,PE,2026-09-17,2026-09-17 15:00:00+05:30,128.5,132.1,109.65,111.45,1972580,4819520
SENSEX 74300 PE 17 SEP 26,74300.0,PE,2026-09-17,2026-09-17 15:01:00+05:30,112.5,114.7,100.1,108.3,1180580,4863320
SENSEX 74300 PE 17 SEP 26,74300.0,PE,2026-09-17,2026-09-17 15:02:00+05:30,109.8,114.85,96.7,99.65,1105040,4863320
SENSEX 74300 PE 17 SEP 26,74300.0,PE,2026-09-17,2026-09-17 15:03:00+05:30,100.5,105.4,96.25,101.65,797620,4863320
SENSEX 74300 PE 17 SEP 26,74300.0,PE,2026-09-17,2026-09-17 15:04:00+05:30,100.9,112.95,98.0,112.95,843360,4998900
SENSEX 74300 PE 17 SEP 26,74300.0,PE,2026-09-17,2026-09-17 15:05:00+05:30,111.5,112.6,91.6,101.8,1479420,4998900
SENSEX 74300 PE 17 SEP 26,74300.0,PE,2026-09-17,2026-09-17 15:06:00+05:30,101.25,103.0,97.05,100.85,709480,4998900
SENSEX 74300 PE 17 SEP 26,74300.0,PE,2026-09-17,2026-09-17 15:07:00+05:30,101.1,108.0,98.15,105.4,685480,5052320
SENSEX 74300 PE 17 SEP 26,74300.0,PE,2026-09-17,2026-09-17 15:08:00+05:30,106.25,113.25,103.75,109.6,968860,5052320
SENSEX 74300 PE 17 SEP 26,74300.0,PE,2026-09-17,2026-09-17 15:09:00+05:30,109.8,111.85,102.05,111.35,812620,4859960
SENSEX 74300 PE 17 SEP 26,74300.0,PE,2026-09-17,2026-09-17 15:10:00+05:30,110.75,115.7,101.35,110.3,1083100,4859960
SENSEX 74300 PE 17 SEP 26,74300.0,PE,2026-09-17,2026-09-17 15:11:00+05:30,112.0,121.4,108.85,121.4,824400,4859960
SENSEX 74300 PE 17 SEP 26,74300.0,PE,2026-09-17,2026-09-17 15:12:00+05:30,115.4,120.35,104.9,113.2,1146920,4865740
SENSEX 74300 PE 17 SEP 26,74300.0,PE,2026-09-17,2026-09-17 15:13:00+05:30,112.2,114.3,98.3,106.45,1043240,4865740
SENSEX 74300 PE 17 SEP 26,74300.0,PE,2026-09-17,2026-09-17 15:14:00+05:30,106.05,108.55,79.8,85.05,1682980,4865740
SENSEX 74300 PE 17 SEP 26,74300.0,PE,2026-09-17,2026-09-17 15:15:00+05:30,87.2,112.65,86.5,106.15,1428620,4590220
SENSEX 74300 PE 17 SEP 26,74300.0,PE,2026-09-17,2026-09-17 15:16:00+05:30,107.5,114.15,95.3,104.1,1212400,4590220
SENSEX 74300 PE 17 SEP 26,74300.0,PE,2026-09-17,2026-09-17 15:17:00+05:30,104.3,109.3,101.0,104.45,508040,4590220
SENSEX 74300 PE 17 SEP 26,74300.0,PE,2026-09-17,2026-09-17 15:18:00+05:30,104.85,110.65,89.05,104.15,1169600,4348620
SENSEX 74300 PE 17 SEP 26,74300.0,PE,2026-09-17,2026-09-17 15:19:00+05:30,105.65,105.65,69.7,86.25,1636300,4348620
SENSEX 74300 PE 17 SEP 26,74300.0,PE,2026-09-17,2026-09-17 15:20:00+05:30,92.3,110.55,63.0,72.15,4478780,4785160
SENSEX 74300 PE 17 SEP 26,74300.0,PE,2026-09-17,2026-09-17 15:21:00+05:30,74.45,74.45,28.05,32.7,5155820,4785160
SENSEX 74300 PE 17 SEP 26,74300.0,PE,2026-09-17,2026-09-17 15:22:00+05:30,28.9,48.9,20.0,31.1,5864400,4785160
SENSEX 74300 PE 17 SEP 26,74300.0,PE,2026-09-17,2026-09-17 15:23:00+05:30,33.3,54.05,27.7,42.85,5370240,5524300
SENSEX 74300 PE 17 SEP 26,74300.0,PE,2026-09-17,2026-09-17 15:24:00+05:30,42.8,42.8,6.25,8.45,8791800,5524300
SENSEX 74300 PE 17 SEP 26,74300.0,PE,2026-09-17,2026-09-17 15:25:00+05:30,8.45,14.95,3.1,11.3,9797900,5524300
SENSEX 74300 PE 17 SEP 26,74300.0,PE,2026-09-17,2026-09-17 15:26:00+05:30,11.2,17.85,0.25,2.15,12425480,5857980
SENSEX 74300 PE 17 SEP 26,74300.0,PE,2026-09-17,2026-09-17 15:27:00+05:30,2.3,5.55,1.95,5.15,8749840,5857980
SENSEX 74300 PE 17 SEP 26,74300.0,PE,2026-09-17,2026-09-17 15:28:00+05:30,4.7,17.35,0.15,0.15,13330500,7811340
SENSEX 74300 PE 17 SEP 26,74300.0,PE,2026-09-17,2026-09-17 15:29:00+05:30,0.2,0.25,0.1,0.15,6248740,7811340
SENSEX 74300 PE 17 SEP 26,74300.0,PE,2026-09-17,2026-09-17 15:30:00+05:30,0.2,0.2,0.1,0.1,4688820,7811340
SENSEX 74400 CE 17 SEP 26,74400.0,CE,2026-09-17,2026-09-17 15:00:00+05:30,145.45,165.0,144.8,161.25,1109000,4015960
SENSEX 74400 CE 17 SEP 26,74400.0,CE,2026-09-17,2026-09-17 15:01:00+05:30,161.1,168.0,154.5,154.55,1037720,4180200
SENSEX 74400 CE 17 SEP 26,74400.0,CE,2026-09-17,2026-09-17 15:02:00+05:30,150.8,159.05,141.8,157.55,1141360,4180200
SENSEX 74400 CE 17 SEP 26,74400.0,CE,2026-09-17,2026-09-17 15:03:00+05:30,156.6,161.85,147.65,152.1,728040,4180200
SENSEX 74400 CE 17 SEP 26,74400.0,CE,2026-09-17,2026-09-17 15:04:00+05:30,154.2,156.35,133.2,133.2,1039520,4243440
SENSEX 74400 CE 17 SEP 26,74400.0,CE,2026-09-17,2026-09-17 15:05:00+05:30,132.5,150.75,132.5,142.05,1036000,4243440
SENSEX 74400 CE 17 SEP 26,74400.0,CE,2026-09-17,2026-09-17 15:06:00+05:30,141.25,151.55,140.65,150.65,622640,4243440
SENSEX 74400 CE 17 SEP 26,74400.0,CE,2026-09-17,2026-09-17 15:07:00+05:30,150.4,157.25,146.45,152.0,730340,4139940
SENSEX 74400 CE 17 SEP 26,74400.0,CE,2026-09-17,2026-09-17 15:08:00+05:30,150.05,151.3,140.7,146.8,624040,4139940
SENSEX 74400 CE 17 SEP 26,74400.0,CE,2026-09-17,2026-09-17 15:09:00+05:30,146.85,152.3,143.05,145.35,496340,4045980
SENSEX 74400 CE 17 SEP 26,74400.0,CE,2026-09-17,2026-09-17 15:10:00+05:30,148.2,159.3,142.15,153.45,797160,4045980
SENSEX 74400 CE 17 SEP 26,74400.0,CE,2026-09-17,2026-09-17 15:11:00+05:30,151.95,153.0,125.05,133.0,873160,4045980
SENSEX 74400 CE 17 SEP 26,74400.0,CE,2026-09-17,2026-09-17 15:12:00+05:30,137.35,150.55,135.25,141.35,987860,3998160
SENSEX 74400 CE 17 SEP 26,74400.0,CE,2026-09-17,2026-09-17 15:13:00+05:30,140.1,158.9,140.1,155.65,980420,3998160
SENSEX 74400 CE 17 SEP 26,74400.0,CE,2026-09-17,2026-09-17 15:14:00+05:30,157.1,193.85,155.15,182.5,1840220,3998160
SENSEX 74400 CE 17 SEP 26,74400.0,CE,2026-09-17,2026-09-17 15:15:00+05:30,177.95,184.85,154.65,155.45,1292720,3819160
SENSEX 74400 CE 17 SEP 26,74400.0,CE,2026-09-17,2026-09-17 15:16:00+05:30,156.95,178.4,142.6,165.35,1175960,3819160
SENSEX 74400 CE 17 SEP 26,74400.0,CE,2026-09-17,2026-09-17 15:17:00+05:30,165.4,172.8,163.05,165.05,501840,3819160
SENSEX 74400 CE 17 SEP 26,74400.0,CE,2026-09-17,2026-09-17 15:18:00+05:30,165.75,181.85,151.4,166.9,1251140,3699080
SENSEX 74400 CE 17 SEP 26,74400.0,CE,2026-09-17,2026-09-17 15:19:00+05:30,162.05,214.0,139.75,150.2,1786900,3699080
SENSEX 74400 CE 17 SEP 26,74400.0,CE,2026-09-17,2026-09-17 15:20:00+05:30,157.2,157.2,83.35,102.9,4133280,3543480
SENSEX 74400 CE 17 SEP 26,74400.0,CE,2026-09-17,2026-09-17 15:21:00+05:30,103.85,151.55,98.25,98.25,3351840,3543480
SENSEX 74400 CE 17 SEP 26,74400.0,CE,2026-09-17,2026-09-17 15:22:00+05:30,102.8,109.3,63.0,84.0,4388600,3543480
SENSEX 74400 CE 17 SEP 26,74400.0,CE,2026-09-17,2026-09-17 15:23:00+05:30,79.8,85.3,54.05,80.65,4566800,4178460
SENSEX 74400 CE 17 SEP 26,74400.0,CE,2026-09-17,2026-09-17 15:24:00+05:30,80.5,174.6,80.05,131.5,6131760,4178460
SENSEX 74400 CE 17 SEP 26,74400.0,CE,2026-09-17,2026-09-17 15:25:00+05:30,126.55,160.95,47.0,60.0,5897420,4178460
SENSEX 74400 CE 17 SEP 26,74400.0,CE,2026-09-17,2026-09-17 15:26:00+05:30,58.85,132.15,29.0,119.7,9232500,4078940
SENSEX 74400 CE 17 SEP 26,74400.0,CE,2026-09-17,2026-09-17 15:27:00+05:30,121.5,134.4,32.25,39.15,6659280,4078940
SENSEX 74400 CE 17 SEP 26,74400.0,CE,2026-09-17,2026-09-17 15:28:00+05:30,33.65,34.7,0.2,0.2,14358380,6796680
SENSEX 74400 CE 17 SEP 26,74400.0,CE,2026-09-17,2026-09-17 15:29:00+05:30,0.25,0.25,0.1,0.1,6040920,6796680
SENSEX 74400 CE 17 SEP 26,74400.0,CE,2026-09-17,2026-09-17 15:30:00+05:30,0.15,0.15,0.05,0.1,2974860,6796680
SENSEX 74400 PE 17 SEP 26,74400.0,PE,2026-09-17,2026-09-17 15:00:00+05:30,174.0,176.95,144.8,149.05,1840040,4810820
SENSEX 74400 PE 17 SEP 26,74400.0,PE,2026-09-17,2026-09-17 15:01:00+05:30,152.35,156.0,135.4,148.95,1158320,4831920
SENSEX 74400 PE 17 SEP 26,74400.0,PE,2026-09-17,2026-09-17 15:02:00+05:30,150.95,155.75,134.3,138.0,1059220,4831920
SENSEX 74400 PE 17 SEP 26,74400.0,PE,2026-09-17,2026-09-17 15:03:00+05:30,139.45,144.85,133.05,139.7,804840,4831920
SENSEX 74400 PE 17 SEP 26,74400.0,PE,2026-09-17,2026-09-17 15:04:00+05:30,139.8,154.6,135.0,154.6,801720,4908480
SENSEX 74400 PE 17 SEP 26,74400.0,PE,2026-09-17,2026-09-17 15:05:00+05:30,153.4,154.15,123.7,140.55,1351640,4908480
SENSEX 74400 PE 17 SEP 26,74400.0,PE,2026-09-17,2026-09-17 15:06:00+05:30,140.35,142.75,134.65,139.05,637360,4908480
SENSEX 74400 PE 17 SEP 26,74400.0,PE,2026-09-17,2026-09-17 15:07:00+05:30,139.45,147.25,135.45,143.3,562840,4829660
SENSEX 74400 PE 17 SEP 26,74400.0,PE,2026-09-17,2026-09-17 15:08:00+05:30,145.7,154.5,143.0,149.1,741560,4829660
SENSEX 74400 PE 17 SEP 26,74400.0,PE,2026-09-17,2026-09-17 15:09:00+05:30,149.4,151.9,141.0,151.75,688020,4666160
SENSEX 74400 PE 17 SEP 26,74400.0,PE,2026-09-17,2026-09-17 15:10:00+05:30,151.0,156.75,138.25,150.0,1007760,4666160
SENSEX 74400 PE 17 SEP 26,74400.0,PE,2026-09-17,2026-09-17 15:11:00+05:30,152.05,164.65,148.5,163.9,734160,4666160
SENSEX 74400 PE 17 SEP 26,74400.0,PE,2026-09-17,2026-09-17 15:12:00+05:30,159.4,163.3,143.95,155.55,863080,4430060
SENSEX 74400 PE 17 SEP 26,74400.0,PE,2026-09-17,2026-09-17 15:13:00+05:30,152.5,156.1,135.1,145.35,875260,4430060
SENSEX 74400 PE 17 SEP 26,74400.0,PE,2026-09-17,2026-09-17 15:14:00+05:30,145.0,148.2,113.15,117.95,1471800,4430060
SENSEX 74400 PE 17 SEP 26,74400.0,PE,2026-09-17,2026-09-17 15:15:00+05:30,120.8,155.0,120.0,145.95,1467500,4337780
SENSEX 74400 PE 17 SEP 26,74400.0,PE,2026-09-17,2026-09-17 15:16:00+05:30,148.8,157.0,128.95,142.8,1100500,4337780
SENSEX 74400 PE 17 SEP 26,74400.0,PE,2026-09-17,2026-09-17 15:17:00+05:30,142.0,146.05,138.7,143.4,511180,4337780
SENSEX 74400 PE 17 SEP 26,74400.0,PE,2026-09-17,2026-09-17 15:18:00+05:30,142.65,143.45,122.9,141.8,1069660,4231580
SENSEX 74400 PE 17 SEP 26,74400.0,PE,2026-09-17,2026-09-17 15:19:00+05:30,145.0,145.0,105.2,121.25,1638880,4231580
SENSEX 74400 PE 17 SEP 26,74400.0,PE,2026-09-17,2026-09-17 15:20:00+05:30,115.0,163.55,88.65,109.65,4328600,4243360
SENSEX 74400 PE 17 SEP 26,74400.0,PE,2026-09-17,2026-09-17 15:21:00+05:30,108.5,108.5,52.05,62.85,4036480,4243360
SENSEX 74400 PE 17 SEP 26,74400.0,PE,2026-09-17,2026-09-17 15:22:00+05:30,60.6,86.55,41.5,63.35,5381780,4243360
SENSEX 74400 PE 17 SEP 26,74400.0,PE,2026-09-17,2026-09-17 15:23:00+05:30,66.5,100.75,58.05,80.35,4368720,4232180
SENSEX 74400 PE 17 SEP 26,74400.0,PE,2026-09-17,2026-09-17 15:24:00+05:30,78.8,79.8,16.0,18.85,7414360,4232180
SENSEX 74400 PE 17 SEP 26,74400.0,PE,2026-09-17,2026-09-17 15:25:00+05:30,20.85,50.5,12.35,38.2,9562940,4232180
SENSEX 74400 PE 17 SEP 26,74400.0,PE,2026-09-17,2026-09-17 15:26:00+05:30,39.4,62.3,3.0,7.35,11295940,4750840
SENSEX 74400 PE 17 SEP 26,74400.0,PE,2026-09-17,2026-09-17 15:27:00+05:30,6.65,29.95,4.3,24.2,12118060,4750840
SENSEX 74400 PE 17 SEP 26,74400.0,PE,2026-09-17,2026-09-17 15:28:00+05:30,24.25,86.35,24.25,85.05,11118980,4234380
SENSEX 74400 PE 17 SEP 26,74400.0,PE,2026-09-17,2026-09-17 15:29:00+05:30,85.05,85.5,84.9,85.4,2030480,4234380
SENSEX 74400 PE 17 SEP 26,74400.0,PE,2026-09-17,2026-09-17 15:30:00+05:30,85.15,85.4,85.1,85.1,1274120,4234380
SENSEX 74500 CE 17 SEP 26,74500.0,CE,2026-09-17,2026-09-17 15:00:00+05:30,106.85,118.2,104.05,115.85,1556100,5457260
SENSEX 74500 CE 17 SEP 26,74500.0,CE,2026-09-17,2026-09-17 15:01:00+05:30,115.85,121.5,109.3,109.3,1349680,5417720
SENSEX 74500 CE 17 SEP 26,74500.0,CE,2026-09-17,2026-09-17 15:02:00+05:30,104.65,112.3,101.25,112.0,1645020,5417720
SENSEX 74500 CE 17 SEP 26,74500.0,CE,2026-09-17,2026-09-17 15:03:00+05:30,111.2,115.15,104.1,107.1,1063580,5417720
SENSEX 74500 CE 17 SEP 26,74500.0,CE,2026-09-17,2026-09-17 15:04:00+05:30,108.35,110.4,91.05,91.05,1613540,5476100
SENSEX 74500 CE 17 SEP 26,74500.0,CE,2026-09-17,2026-09-17 15:05:00+05:30,91.1,106.0,91.1,98.75,1433880,5476100
SENSEX 74500 CE 17 SEP 26,74500.0,CE,2026-09-17,2026-09-17 15:06:00+05:30,99.8,106.5,96.5,104.8,825960,5476100
SENSEX 74500 CE 17 SEP 26,74500.0,CE,2026-09-17,2026-09-17 15:07:00+05:30,104.7,111.75,102.5,105.75,887420,5294920
SENSEX 74500 CE 17 SEP 26,74500.0,CE,2026-09-17,2026-09-17 15:08:00+05:30,105.2,106.55,98.35,103.85,711420,5294920
SENSEX 74500 CE 17 SEP 26,74500.0,CE,2026-09-17,2026-09-17 15:09:00+05:30,103.3,108.2,99.5,102.75,597760,5216400
SENSEX 74500 CE 17 SEP 26,74500.0,CE,2026-09-17,2026-09-17 15:10:00+05:30,104.0,113.3,99.35,108.7,973420,5216400
SENSEX 74500 CE 17 SEP 26,74500.0,CE,2026-09-17,2026-09-17 15:11:00+05:30,107.75,109.1,89.65,92.1,1099780,5216400
SENSEX 74500 CE 17 SEP 26,74500.0,CE,2026-09-17,2026-09-17 15:12:00+05:30,96.1,106.95,94.9,100.3,1051660,5043380
SENSEX 74500 CE 17 SEP 26,74500.0,CE,2026-09-17,2026-09-17 15:13:00+05:30,101.6,114.25,101.4,112.0,1167060,5043380
SENSEX 74500 CE 17 SEP 26,74500.0,CE,2026-09-17,2026-09-17 15:14:00+05:30,116.0,142.65,113.5,129.15,2368380,5043380
SENSEX 74500 CE 17 SEP 26,74500.0,CE,2026-09-17,2026-09-17 15:15:00+05:30,129.05,135.0,111.85,111.85,1858440,4872060
SENSEX 74500 CE 17 SEP 26,74500.0,CE,2026-09-17,2026-09-17 15:16:00+05:30,113.45,130.9,101.7,119.1,1629260,4872060
SENSEX 74500 CE 17 SEP 26,74500.0,CE,2026-09-17,2026-09-17 15:17:00+05:30,122.0,125.1,118.7,118.7,682500,4872060
SENSEX 74500 CE 17 SEP 26,74500.0,CE,2026-09-17,2026-09-17 15:18:00+05:30,119.55,135.95,107.0,120.9,1796000,4723540
SENSEX 74500 CE 17 SEP 26,74500.0,CE,2026-09-17,2026-09-17 15:19:00+05:30,120.15,142.0,92.85,104.65,2185160,4723540
SENSEX 74500 CE 17 SEP 26,74500.0,CE,2026-09-17,2026-09-17 15:20:00+05:30,103.45,103.45,50.0,64.3,5180440,4735840
SENSEX 74500 CE 17 SEP 26,74500.0,CE,2026-09-17,2026-09-17 15:21:00+05:30,61.9,95.9,52.9,52.9,4522460,4735840
SENSEX 74500 CE 17 SEP 26,74500.0,CE,2026-09-17,2026-09-17 15:22:00+05:30,53.35,57.5,27.15,39.1,6938900,4735840
SENSEX 74500 CE 17 SEP 26,74500.0,CE,2026-09-17,2026-09-17 15:23:00+05:30,37.35,40.2,20.85,36.25,6252560,5825780
SENSEX 74500 CE 17 SEP 26,74500.0,CE,2026-09-17,2026-09-17 15:24:00+05:30,35.8,94.65,35.4,65.2,7593300,5825780
SENSEX 74500 CE 17 SEP 26,74500.0,CE,2026-09-17,2026-09-17 15:25:00+05:30,58.5,88.95,15.25,19.05,10111160,5825780
SENSEX 74500 CE 17 SEP 26,74500.0,CE,2026-09-17,2026-09-17 15:26:00+05:30,17.85,53.45,6.05,46.15,15051260,6296960
SENSEX 74500 CE 17 SEP 26,74500.0,CE,2026-09-17,2026-09-17 15:27:00+05:30,46.65,57.9,6.0,8.7,15012800,6296960
SENSEX 74500 CE 17 SEP 26,74500.0,CE,2026-09-17,2026-09-17 15:28:00+05:30,7.75,7.75,0.1,0.15,14555920,8156660
SENSEX 74500 CE 17 SEP 26,74500.0,CE,2026-09-17,2026-09-17 15:29:00+05:30,0.1,0.1,0.05,0.1,3290780,8156660
SENSEX 74500 CE 17 SEP 26,74500.0,CE,2026-09-17,2026-09-17 15:30:00+05:30,0.05,0.1,0.05,0.05,2464360,8156660
SENSEX 74500 PE 17 SEP 26,74500.0,PE,2026-09-17,2026-09-17 15:00:00+05:30,224.05,233.3,193.7,206.2,933000,2922940
SENSEX 74500 PE 17 SEP 26,74500.0,PE,2026-09-17,2026-09-17 15:01:00+05:30,203.2,208.3,189.6,203.35,576540,2773080
SENSEX 74500 PE 17 SEP 26,74500.0,PE,2026-09-17,2026-09-17 15:02:00+05:30,205.25,210.6,187.05,191.4,585400,2773080
SENSEX 74500 PE 17 SEP 26,74500.0,PE,2026-09-17,2026-09-17 15:03:00+05:30,194.5,201.3,185.35,194.15,408160,2773080
SENSEX 74500 PE 17 SEP 26,74500.0,PE,2026-09-17,2026-09-17 15:04:00+05:30,193.8,211.75,188.5,211.7,456140,2782060
SENSEX 74500 PE 17 SEP 26,74500.0,PE,2026-09-17,2026-09-17 15:05:00+05:30,211.45,211.45,180.0,197.35,638080,2782060
SENSEX 74500 PE 17 SEP 26,74500.0,PE,2026-09-17,2026-09-17 15:06:00+05:30,195.75,200.35,188.8,194.85,301360,2782060
SENSEX 74500 PE 17 SEP 26,74500.0,PE,2026-09-17,2026-09-17 15:07:00+05:30,193.65,203.5,188.9,200.05,263480,2744380
SENSEX 74500 PE 17 SEP 26,74500.0,PE,2026-09-17,2026-09-17 15:08:00+05:30,199.6,211.55,197.5,206.35,346680,2744380
SENSEX 74500 PE 17 SEP 26,74500.0,PE,2026-09-17,2026-09-17 15:09:00+05:30,206.55,210.5,195.75,208.25,297520,2584460
SENSEX 74500 PE 17 SEP 26,74500.0,PE,2026-09-17,2026-09-17 15:10:00+05:30,208.95,213.9,193.5,205.75,404120,2584460
SENSEX 74500 PE 17 SEP 26,74500.0,PE,2026-09-17,2026-09-17 15:11:00+05:30,207.8,224.35,204.7,221.8,373740,2584460
SENSEX 74500 PE 17 SEP 26,74500.0,PE,2026-09-17,2026-09-17 15:12:00+05:30,218.0,223.05,199.7,213.45,410360,2440680
SENSEX 74500 PE 17 SEP 26,74500.0,PE,2026-09-17,2026-09-17 15:13:00+05:30,210.65,214.2,189.0,201.95,423340,2440680
SENSEX 74500 PE 17 SEP 26,74500.0,PE,2026-09-17,2026-09-17 15:14:00+05:30,198.25,203.6,160.6,167.55,894300,2440680
SENSEX 74500 PE 17 SEP 26,74500.0,PE,2026-09-17,2026-09-17 15:15:00+05:30,169.6,202.55,169.6,201.9,697840,2430740
SENSEX 74500 PE 17 SEP 26,74500.0,PE,2026-09-17,2026-09-17 15:16:00+05:30,197.95,209.8,180.25,195.55,574220,2430740
SENSEX 74500 PE 17 SEP 26,74500.0,PE,2026-09-17,2026-09-17 15:17:00+05:30,192.2,200.75,191.45,197.5,289900,2430740
SENSEX 74500 PE 17 SEP 26,74500.0,PE,2026-09-17,2026-09-17 15:18:00+05:30,197.3,207.85,171.65,193.15,622160,2227800
SENSEX 74500 PE 17 SEP 26,74500.0,PE,2026-09-17,2026-09-17 15:19:00+05:30,196.25,196.75,145.4,173.7,804760,2227800
SENSEX 74500 PE 17 SEP 26,74500.0,PE,2026-09-17,2026-09-17 15:20:00+05:30,167.05,229.45,135.0,167.75,2085680,2371480
SENSEX 74500 PE 17 SEP 26,74500.0,PE,2026-09-17,2026-09-17 15:21:00+05:30,168.9,168.9,99.0,113.25,2097760,2371480
SENSEX 74500 PE 17 SEP 26,74500.0,PE,2026-09-17,2026-09-17 15:22:00+05:30,104.6,148.85,88.75,117.15,2449860,2371480
SENSEX 74500 PE 17 SEP 26,74500.0,PE,2026-09-17,2026-09-17 15:23:00+05:30,120.15,163.2,115.0,134.3,1989180,2344940
SENSEX 74500 PE 17 SEP 26,74500.0,PE,2026-09-17,2026-09-17 15:24:00+05:30,134.9,134.9,43.45,51.9,4873360,2344940
SENSEX 74500 PE 17 SEP 26,74500.0,PE,2026-09-17,2026-09-17 15:25:00+05:30,55.25,110.65,37.7,98.4,7224960,2344940
SENSEX 74500 PE 17 SEP 26,74500.0,PE,2026-09-17,2026-09-17 15:26:00+05:30,95.4,142.25,20.0,35.7,5706660,2584440
SENSEX 74500 PE 17 SEP 26,74500.0,PE,2026-09-17,2026-09-17 15:27:00+05:30,31.45,98.35,24.3,94.6,6081260,2584440
SENSEX 74500 PE 17 SEP 26,74500.0,PE,2026-09-17,2026-09-17 15:28:00+05:30,97.5,188.6,97.45,184.8,4505900,2072260
SENSEX 74500 PE 17 SEP 26,74500.0,PE,2026-09-17,2026-09-17 15:29:00+05:30,185.0,185.5,184.8,185.45,607120,2072260
SENSEX 74500 PE 17 SEP 26,74500.0,PE,2026-09-17,2026-09-17 15:30:00+05:30,185.05,185.5,184.8,184.9,384920,2072260
SENSEX 74600 CE 17 SEP 26,74600.0,CE,2026-09-17,2026-09-17 15:00:00+05:30,79.1,85.0,74.15,83.25,1301620,4349280
SENSEX 74600 CE 17 SEP 26,74600.0,CE,2026-09-17,2026-09-17 15:01:00+05:30,83.95,87.15,78.2,78.55,1246060,4368700
SENSEX 74600 CE 17 SEP 26,74600.0,CE,2026-09-17,2026-09-17 15:02:00+05:30,76.25,79.8,70.1,78.8,1444260,4368700
SENSEX 74600 CE 17 SEP 26,74600.0,CE,2026-09-17,2026-09-17 15:03:00+05:30,77.6,81.85,72.7,75.25,936320,4368700
SENSEX 74600 CE 17 SEP 26,74600.0,CE,2026-09-17,2026-09-17 15:04:00+05:30,76.45,78.0,62.75,63.15,1335100,4390480
SENSEX 74600 CE 17 SEP 26,74600.0,CE,2026-09-17,2026-09-17 15:05:00+05:30,63.0,72.65,62.75,68.3,1311880,4390480
SENSEX 74600 CE 17 SEP 26,74600.0,CE,2026-09-17,2026-09-17 15:06:00+05:30,69.0,75.0,66.85,73.15,678180,4390480
SENSEX 74600 CE 17 SEP 26,74600.0,CE,2026-09-17,2026-09-17 15:07:00+05:30,73.55,78.5,71.55,74.0,850420,4458780
SENSEX 74600 CE 17 SEP 26,74600.0,CE,2026-09-17,2026-09-17 15:08:00+05:30,73.65,74.85,68.15,72.6,583900,4458780
SENSEX 74600 CE 17 SEP 26,74600.0,CE,2026-09-17,2026-09-17 15:09:00+05:30,72.35,76.15,69.8,72.0,516880,4506080
SENSEX 74600 CE 17 SEP 26,74600.0,CE,2026-09-17,2026-09-17 15:10:00+05:30,72.85,79.95,69.7,77.45,803740,4506080
SENSEX 74600 CE 17 SEP 26,74600.0,CE,2026-09-17,2026-09-17 15:11:00+05:30,76.5,77.25,57.05,65.55,976040,4506080
SENSEX 74600 CE 17 SEP 26,74600.0,CE,2026-09-17,2026-09-17 15:12:00+05:30,67.2,75.35,66.65,71.1,898920,4236300
SENSEX 74600 CE 17 SEP 26,74600.0,CE,2026-09-17,2026-09-17 15:13:00+05:30,72.55,81.85,71.95,80.25,1145220,4236300
SENSEX 74600 CE 17 SEP 26,74600.0,CE,2026-09-17,2026-09-17 15:14:00+05:30,84.3,102.0,80.7,94.95,2339600,4236300
SENSEX 74600 CE 17 SEP 26,74600.0,CE,2026-09-17,2026-09-17 15:15:00+05:30,91.75,97.4,76.85,77.85,1677840,3904000
SENSEX 74600 CE 17 SEP 26,74600.0,CE,2026-09-17,2026-09-17 15:16:00+05:30,81.8,92.3,72.45,85.0,1338680,3904000
SENSEX 74600 CE 17 SEP 26,74600.0,CE,2026-09-17,2026-09-17 15:17:00+05:30,88.75,89.25,84.0,84.85,540640,3904000
SENSEX 74600 CE 17 SEP 26,74600.0,CE,2026-09-17,2026-09-17 15:18:00+05:30,85.15,96.85,75.15,86.75,1555580,3913180
SENSEX 74600 CE 17 SEP 26,74600.0,CE,2026-09-17,2026-09-17 15:19:00+05:30,85.9,103.55,65.45,75.1,2057240,3913180
SENSEX 74600 CE 17 SEP 26,74600.0,CE,2026-09-17,2026-09-17 15:20:00+05:30,66.65,66.65,29.45,37.85,4768280,4163770
SENSEX 74600 CE 17 SEP 26,74600.0,CE,2026-09-17,2026-09-17 15:21:00+05:30,39.0,63.5,26.05,26.8,4125340,4163770
SENSEX 74600 CE 17 SEP 26,74600.0,CE,2026-09-17,2026-09-17 15:22:00+05:30,26.55,29.7,10.4,18.85,6628280,4163770
SENSEX 74600 CE 17 SEP 26,74600.0,CE,2026-09-17,2026-09-17 15:23:00+05:30,16.0,17.3,8.45,15.8,6039040,5392380
SENSEX 74600 CE 17 SEP 26,74600.0,CE,2026-09-17,2026-09-17 15:24:00+05:30,16.1,45.95,14.75,22.0,7362320,5392380
SENSEX 74600 CE 17 SEP 26,74600.0,CE,2026-09-17,2026-09-17 15:25:00+05:30,22.4,36.8,5.0,5.15,10919920,5392380
SENSEX 74600 CE 17 SEP 26,74600.0,CE,2026-09-17,2026-09-17 15:26:00+05:30,5.2,14.3,2.0,10.7,10432900,5616820
SENSEX 74600 CE 17 SEP 26,74600.0,CE,2026-09-17,2026-09-17 15:27:00+05:30,12.8,13.1,2.0,2.95,9212280,5616820
SENSEX 74600 CE 17 SEP 26,74600.0,CE,2026-09-17,2026-09-17 15:28:00+05:30,3.0,3.15,0.05,0.05,7492620,5937460
SENSEX 74600 CE 17 SEP 26,74600.0,CE,2026-09-17,2026-09-17 15:29:00+05:30,0.05,0.1,0.05,0.05,2464600,5937460
SENSEX 74600 CE 17 SEP 26,74600.0,CE,2026-09-17,2026-09-17 15:30:00+05:30,0.1,0.1,0.05,0.05,1313140,5937460
SENSEX 74600 PE 17 SEP 26,74600.0,PE,2026-09-17,2026-09-17 15:00:00+05:30,302.0,303.95,265.7,270.75,329120,1031160
SENSEX 74600 PE 17 SEP 26,74600.0,PE,2026-09-17,2026-09-17 15:01:00+05:30,274.6,279.0,255.9,273.25,206720,1011000
SENSEX 74600 PE 17 SEP 26,74600.0,PE,2026-09-17,2026-09-17 15:02:00+05:30,275.15,284.5,254.05,259.0,209020,1011000
SENSEX 74600 PE 17 SEP 26,74600.0,PE,2026-09-17,2026-09-17 15:03:00+05:30,260.55,270.0,252.55,261.25,152120,1011000
SENSEX 74600 PE 17 SEP 26,74600.0,PE,2026-09-17,2026-09-17 15:04:00+05:30,259.0,282.15,255.65,282.15,148580,995880
SENSEX 74600 PE 17 SEP 26,74600.0,PE,2026-09-17,2026-09-17 15:05:00+05:30,283.35,283.35,249.3,268.0,219420,995880
SENSEX 74600 PE 17 SEP 26,74600.0,PE,2026-09-17,2026-09-17 15:06:00+05:30,265.2,269.0,256.35,263.0,125240,995880
SENSEX 74600 PE 17 SEP 26,74600.0,PE,2026-09-17,2026-09-17 15:07:00+05:30,262.8,271.75,255.75,265.9,102560,977820
SENSEX 74600 PE 17 SEP 26,74600.0,PE,2026-09-17,2026-09-17 15:08:00+05:30,268.5,281.7,266.0,274.1,111480,977820
SENSEX 74600 PE 17 SEP 26,74600.0,PE,2026-09-17,2026-09-17 15:09:00+05:30,275.3,279.05,263.35,276.25,107260,929980
SENSEX 74600 PE 17 SEP 26,74600.0,PE,2026-09-17,2026-09-17 15:10:00+05:30,277.7,284.05,259.45,274.3,150660,929980
SENSEX 74600 PE 17 SEP 26,74600.0,PE,2026-09-17,2026-09-17 15:11:00+05:30,276.7,296.3,272.8,286.35,126160,929980
SENSEX 74600 PE 17 SEP 26,74600.0,PE,2026-09-17,2026-09-17 15:12:00+05:30,290.95,293.35,269.45,281.9,158920,886700
SENSEX 74600 PE 17 SEP 26,74600.0,PE,2026-09-17,2026-09-17 15:13:00+05:30,286.2,286.2,256.7,269.55,124500,886700
SENSEX 74600 PE 17 SEP 26,74600.0,PE,2026-09-17,2026-09-17 15:14:00+05:30,269.35,272.25,223.65,233.1,251400,886700
SENSEX 74600 PE 17 SEP 26,74600.0,PE,2026-09-17,2026-09-17 15:15:00+05:30,233.4,269.0,232.4,269.0,193060,864320
SENSEX 74600 PE 17 SEP 26,74600.0,PE,2026-09-17,2026-09-17 15:16:00+05:30,264.55,285.0,243.45,261.1,160720,864320
SENSEX 74600 PE 17 SEP 26,74600.0,PE,2026-09-17,2026-09-17 15:17:00+05:30,256.3,265.5,254.05,263.3,59060,864320
SENSEX 74600 PE 17 SEP 26,74600.0,PE,2026-09-17,2026-09-17 15:18:00+05:30,264.35,264.55,233.1,260.6,189640,856840
SENSEX 74600 PE 17 SEP 26,74600.0,PE,2026-09-17,2026-09-17 15:19:00+05:30,261.9,261.9,199.9,241.45,324660,856840
SENSEX 74600 PE 17 SEP 26,74600.0,PE,2026-09-17,2026-09-17 15:20:00+05:30,223.95,294.6,198.85,246.55,705480,882260
SENSEX 74600 PE 17 SEP 26,74600.0,PE,2026-09-17,2026-09-17 15:21:00+05:30,240.25,240.25,165.2,184.65,664900,882260
SENSEX 74600 PE 17 SEP 26,74600.0,PE,2026-09-17,2026-09-17 15:22:00+05:30,185.4,238.5,166.55,198.0,738760,882260
SENSEX 74600 PE 17 SEP 26,74600.0,PE,2026-09-17,2026-09-17 15:23:00+05:30,202.1,249.15,190.95,216.05,475180,883900
SENSEX 74600 PE 17 SEP 26,74600.0,PE,2026-09-17,2026-09-17 15:24:00+05:30,215.25,215.25,93.5,111.45,1489760,883900
SENSEX 74600 PE 17 SEP 26,74600.0,PE,2026-09-17,2026-09-17 15:25:00+05:30,116.8,201.3,85.35,184.65,2304100,883900
SENSEX 74600 PE 17 SEP 26,74600.0,PE,2026-09-17,2026-09-17 15:26:00+05:30,185.8,234.75,81.0,105.2,1685240,804940
SENSEX 74600 PE 17 SEP 26,74600.0,PE,2026-09-17,2026-09-17 15:27:00+05:30,96.0,192.5,83.95,189.65,1747500,804940
SENSEX 74600 PE 17 SEP 26,74600.0,PE,2026-09-17,2026-09-17 15:28:00+05:30,191.95,286.2,191.95,284.9,1326600,645940
SENSEX 74600 PE 17 SEP 26,74600.0,PE,2026-09-17,2026-09-17 15:29:00+05:30,284.65,285.95,284.65,285.05,160920,645940
SENSEX 74600 PE 17 SEP 26,74600.0,PE,2026-09-17,2026-09-17 15:30:00+05:30,285.0,285.7,284.7,285.7,128940,645940
SENSEX 74700 CE 17 SEP 26,74700.0,CE,2026-09-17,2026-09-17 15:00:00+05:30,54.6,59.9,51.8,58.85,1078980,3685240
SENSEX 74700 CE 17 SEP 26,74700.0,CE,2026-09-17,2026-09-17 15:01:00+05:30,57.45,61.55,54.55,54.55,1074000,3799440
SENSEX 74700 CE 17 SEP 26,74700.0,CE,2026-09-17,2026-09-17 15:02:00+05:30,53.2,55.35,48.65,55.05,1499740,3799440
SENSEX 74700 CE 17 SEP 26,74700.0,CE,2026-09-17,2026-09-17 15:03:00+05:30,54.9,57.1,50.35,52.9,947420,3799440
SENSEX 74700 CE 17 SEP 26,74700.0,CE,2026-09-17,2026-09-17 15:04:00+05:30,53.85,54.3,42.55,42.55,1222100,3765800
SENSEX 74700 CE 17 SEP 26,74700.0,CE,2026-09-17,2026-09-17 15:05:00+05:30,42.25,49.35,42.15,46.4,1216040,3765800
SENSEX 74700 CE 17 SEP 26,74700.0,CE,2026-09-17,2026-09-17 15:06:00+05:30,46.1,51.4,45.45,50.35,746820,3765800
SENSEX 74700 CE 17 SEP 26,74700.0,CE,2026-09-17,2026-09-17 15:07:00+05:30,50.5,54.35,48.45,51.5,827080,3749560
SENSEX 74700 CE 17 SEP 26,74700.0,CE,2026-09-17,2026-09-17 15:08:00+05:30,50.35,51.6,46.65,50.25,465180,3749560
SENSEX 74700 CE 17 SEP 26,74700.0,CE,2026-09-17,2026-09-17 15:09:00+05:30,49.95,52.35,47.9,49.0,467360,3749560
SENSEX 74700 CE 17 SEP 26,74700.0,CE,2026-09-17,2026-09-17 15:10:00+05:30,49.35,55.9,47.8,53.9,760300,3766820
SENSEX 74700 CE 17 SEP 26,74700.0,CE,2026-09-17,2026-09-17 15:11:00+05:30,52.8,53.7,39.6,44.85,1035540,3766820
SENSEX 74700 CE 17 SEP 26,74700.0,CE,2026-09-17,2026-09-17 15:12:00+05:30,47.1,52.7,45.75,49.95,945000,3680980
SENSEX 74700 CE 17 SEP 26,74700.0,CE,2026-09-17,2026-09-17 15:13:00+05:30,49.45,57.4,48.3,56.6,877880,3680980
SENSEX 74700 CE 17 SEP 26,74700.0,CE,2026-09-17,2026-09-17 15:14:00+05:30,59.45,72.45,56.8,67.3,1786900,3680980
SENSEX 74700 CE 17 SEP 26,74700.0,CE,2026-09-17,2026-09-17 15:15:00+05:30,65.35,69.9,54.95,55.0,1556200,3771600
SENSEX 74700 CE 17 SEP 26,74700.0,CE,2026-09-17,2026-09-17 15:16:00+05:30,57.6,65.5,50.25,60.05,1417420,3771600
SENSEX 74700 CE 17 SEP 26,74700.0,CE,2026-09-17,2026-09-17 15:17:00+05:30,62.1,63.75,58.85,59.35,628420,3771600
SENSEX 74700 CE 17 SEP 26,74700.0,CE,2026-09-17,2026-09-17 15:18:00+05:30,60.0,69.3,49.0,61.1,1338340,3814360
SENSEX 74700 CE 17 SEP 26,74700.0,CE,2026-09-17,2026-09-17 15:19:00+05:30,60.65,72.2,43.25,49.25,2090800,3814360
SENSEX 74700 CE 17 SEP 26,74700.0,CE,2026-09-17,2026-09-17 15:20:00+05:30,47.45,47.45,17.3,22.25,5244580,4136520
SENSEX 74700 CE 17 SEP 26,74700.0,CE,2026-09-17,2026-09-17 15:21:00+05:30,23.2,38.35,14.4,15.1,3937180,4136520
SENSEX 74700 CE 17 SEP 26,74700.0,CE,2026-09-17,2026-09-17 15:22:00+05:30,14.6,14.75,5.55,8.15,6364840,4136520
SENSEX 74700 CE 17 SEP 26,74700.0,CE,2026-09-17,2026-09-17 15:23:00+05:30,8.3,8.4,3.35,7.05,4610840,4279040
SENSEX 74700 CE 17 SEP 26,74700.0,CE,2026-09-17,2026-09-17 15:24:00+05:30,7.15,17.4,5.9,9.15,5994520,4279040
SENSEX 74700 CE 17 SEP 26,74700.0,CE,2026-09-17,2026-09-17 15:25:00+05:30,7.2,14.15,2.15,2.7,7422680,4279040
SENSEX 74700 CE 17 SEP 26,74700.0,CE,2026-09-17,2026-09-17 15:26:00+05:30,2.55,5.2,1.0,3.85,5960780,4641440
SENSEX 74700 CE 17 SEP 26,74700.0,CE,2026-09-17,2026-09-17 15:27:00+05:30,3.55,3.95,0.95,1.75,4557200,4641440
SENSEX 74700 CE 17 SEP 26,74700.0,CE,2026-09-17,2026-09-17 15:28:00+05:30,1.75,1.85,0.05,0.05,5504140,4038960
SENSEX 74700 CE 17 SEP 26,74700.0,CE,2026-09-17,2026-09-17 15:29:00+05:30,0.1,0.1,0.05,0.1,1302660,4038960
SENSEX 74700 CE 17 SEP 26,74700.0,CE,2026-09-17,2026-09-17 15:30:00+05:30,0.1,0.1,0.05,0.05,730880,4038960
SENSEX 74700 PE 17 SEP 26,74700.0,PE,2026-09-17,2026-09-17 15:00:00+05:30,379.8,381.25,335.55,347.25,170700,843200
SENSEX 74700 PE 17 SEP 26,74700.0,PE,2026-09-17,2026-09-17 15:01:00+05:30,345.05,351.75,329.1,348.3,93880,835900
SENSEX 74700 PE 17 SEP 26,74700.0,PE,2026-09-17,2026-09-17 15:02:00+05:30,352.95,356.9,328.35,333.75,83920,835900
SENSEX 74700 PE 17 SEP 26,74700.0,PE,2026-09-17,2026-09-17 15:03:00+05:30,337.3,346.75,327.75,340.9,68520,835900
SENSEX 74700 PE 17 SEP 26,74700.0,PE,2026-09-17,2026-09-17 15:04:00+05:30,338.25,363.45,331.3,363.45,57240,823200
SENSEX 74700 PE 17 SEP 26,74700.0,PE,2026-09-17,2026-09-17 15:05:00+05:30,362.65,363.75,325.55,343.7,95500,823200
SENSEX 74700 PE 17 SEP 26,74700.0,PE,2026-09-17,2026-09-17 15:06:00+05:30,345.05,348.0,333.7,338.1,45520,823200
SENSEX 74700 PE 17 SEP 26,74700.0,PE,2026-09-17,2026-09-17 15:07:00+05:30,339.35,347.9,331.2,342.95,34860,824740
SENSEX 74700 PE 17 SEP 26,74700.0,PE,2026-09-17,2026-09-17 15:08:00+05:30,345.45,358.5,341.7,351.75,58060,824740
SENSEX 74700 PE 17 SEP 26,74700.0,PE,2026-09-17,2026-09-17 15:09:00+05:30,351.85,357.0,340.7,355.5,50860,812480
SENSEX 74700 PE 17 SEP 26,74700.0,PE,2026-09-17,2026-09-17 15:10:00+05:30,352.7,362.15,337.55,348.7,51400,812480
SENSEX 74700 PE 17 SEP 26,74700.0,PE,2026-09-17,2026-09-17 15:11:00+05:30,354.35,375.7,349.75,375.7,68400,812480
SENSEX 74700 PE 17 SEP 26,74700.0,PE,2026-09-17,2026-09-17 15:12:00+05:30,363.8,374.25,344.45,359.0,55200,795280
SENSEX 74700 PE 17 SEP 26,74700.0,PE,2026-09-17,2026-09-17 15:13:00+05:30,360.0,361.7,332.0,346.9,53580,795280
SENSEX 74700 PE 17 SEP 26,74700.0,PE,2026-09-17,2026-09-17 15:14:00+05:30,341.5,348.6,292.15,300.75,88740,795280
SENSEX 74700 PE 17 SEP 26,74700.0,PE,2026-09-17,2026-09-17 15:15:00+05:30,306.6,349.0,305.85,349.0,85940,796560
SENSEX 74700 PE 17 SEP 26,74700.0,PE,2026-09-17,2026-09-17 15:16:00+05:30,340.45,356.2,315.45,337.0,68740,796560
SENSEX 74700 PE 17 SEP 26,74700.0,PE,2026-09-17,2026-09-17 15:17:00+05:30,331.3,339.3,329.45,334.1,29720,796560
SENSEX 74700 PE 17 SEP 26,74700.0,PE,2026-09-17,2026-09-17 15:18:00+05:30,335.65,345.0,303.65,333.45,107680,792660
SENSEX 74700 PE 17 SEP 26,74700.0,PE,2026-09-17,2026-09-17 15:19:00+05:30,335.8,338.35,276.95,319.65,144780,792660
SENSEX 74700 PE 17 SEP 26,74700.0,PE,2026-09-17,2026-09-17 15:20:00+05:30,290.1,384.55,278.5,324.15,324740,817400
SENSEX 74700 PE 17 SEP 26,74700.0,PE,2026-09-17,2026-09-17 15:21:00+05:30,331.65,331.65,242.0,272.9,338560,817400
SENSEX 74700 PE 17 SEP 26,74700.0,PE,2026-09-17,2026-09-17 15:22:00+05:30,269.7,325.55,251.65,286.8,314040,817400
SENSEX 74700 PE 17 SEP 26,74700.0,PE,2026-09-17,2026-09-17 15:23:00+05:30,295.3,345.8,281.25,306.65,213540,816680
SENSEX 74700 PE 17 SEP 26,74700.0,PE,2026-09-17,2026-09-17 15:24:00+05:30,305.4,306.2,166.4,194.7,528320,816680
SENSEX 74700 PE 17 SEP 26,74700.0,PE,2026-09-17,2026-09-17 15:25:00+05:30,204.2,297.6,160.35,280.45,1013300,816680
SENSEX 74700 PE 17 SEP 26,74700.0,PE,2026-09-17,2026-09-17 15:26:00+05:30,280.65,328.0,173.95,198.2,718560,759000
SENSEX 74700 PE 17 SEP 26,74700.0,PE,2026-09-17,2026-09-17 15:27:00+05:30,188.8,293.4,175.0,287.35,517920,759000
SENSEX 74700 PE 17 SEP 26,74700.0,PE,2026-09-17,2026-09-17 15:28:00+05:30,290.55,388.6,290.55,386.05,1187640,501280
SENSEX 74700 PE 17 SEP 26,74700.0,PE,2026-09-17,2026-09-17 15:29:00+05:30,386.05,386.05,384.85,385.2,56500,501280
SENSEX 74700 PE 17 SEP 26,74700.0,PE,2026-09-17,2026-09-17 15:30:00+05:30,385.8,385.9,385.05,385.6,30120,501280
SENSEX 74800 CE 17 SEP 26,74800.0,CE,2026-09-17,2026-09-17 15:00:00+05:30,36.6,41.7,35.9,40.75,1070920,4041880
SENSEX 74800 CE 17 SEP 26,74800.0,CE,2026-09-17,2026-09-17 15:01:00+05:30,40.75,43.1,37.8,37.85,998880,4060700
SENSEX 74800 CE 17 SEP 26,74800.0,CE,2026-09-17,2026-09-17 15:02:00+05:30,36.95,38.3,33.65,38.2,1319460,4060700
SENSEX 74800 CE 17 SEP 26,74800.0,CE,2026-09-17,2026-09-17 15:03:00+05:30,37.85,39.55,34.55,36.2,921980,4060700
SENSEX 74800 CE 17 SEP 26,74800.0,CE,2026-09-17,2026-09-17 15:04:00+05:30,36.85,37.35,28.4,28.55,1291360,4144380
SENSEX 74800 CE 17 SEP 26,74800.0,CE,2026-09-17,2026-09-17 15:05:00+05:30,28.35,33.7,28.35,31.35,1009700,4144380
SENSEX 74800 CE 17 SEP 26,74800.0,CE,2026-09-17,2026-09-17 15:06:00+05:30,31.7,35.0,30.55,34.4,663900,4144380
SENSEX 74800 CE 17 SEP 26,74800.0,CE,2026-09-17,2026-09-17 15:07:00+05:30,34.85,37.3,33.2,35.1,782260,3890740
SENSEX 74800 CE 17 SEP 26,74800.0,CE,2026-09-17,2026-09-17 15:08:00+05:30,34.15,35.4,31.85,34.25,491780,3890740
SENSEX 74800 CE 17 SEP 26,74800.0,CE,2026-09-17,2026-09-17 15:09:00+05:30,34.2,35.75,32.65,33.85,567480,3955380
SENSEX 74800 CE 17 SEP 26,74800.0,CE,2026-09-17,2026-09-17 15:10:00+05:30,34.3,38.45,32.5,36.85,677700,3955380
SENSEX 74800 CE 17 SEP 26,74800.0,CE,2026-09-17,2026-09-17 15:11:00+05:30,36.25,36.75,28.2,31.55,1020660,3955380
SENSEX 74800 CE 17 SEP 26,74800.0,CE,2026-09-17,2026-09-17 15:12:00+05:30,31.3,35.85,31.1,33.7,762400,3932980
SENSEX 74800 CE 17 SEP 26,74800.0,CE,2026-09-17,2026-09-17 15:13:00+05:30,34.45,39.2,34.2,38.85,872000,3932980
SENSEX 74800 CE 17 SEP 26,74800.0,CE,2026-09-17,2026-09-17 15:14:00+05:30,41.0,50.55,38.7,45.3,1743680,3932980
SENSEX 74800 CE 17 SEP 26,74800.0,CE,2026-09-17,2026-09-17 15:15:00+05:30,45.45,48.45,35.7,38.1,1591280,4076400
SENSEX 74800 CE 17 SEP 26,74800.0,CE,2026-09-17,2026-09-17 15:16:00+05:30,38.2,44.95,33.1,41.05,1313100,4076400
SENSEX 74800 CE 17 SEP 26,74800.0,CE,2026-09-17,2026-09-17 15:17:00+05:30,42.45,43.8,40.5,40.85,649180,4076400
SENSEX 74800 CE 17 SEP 26,74800.0,CE,2026-09-17,2026-09-17 15:18:00+05:30,40.75,46.45,33.6,41.6,1485720,4041400
SENSEX 74800 CE 17 SEP 26,74800.0,CE,2026-09-17,2026-09-17 15:19:00+05:30,41.7,52.0,25.95,32.35,1973400,4041400
SENSEX 74800 CE 17 SEP 26,74800.0,CE,2026-09-17,2026-09-17 15:20:00+05:30,29.15,29.15,10.0,12.85,5357700,4082340
SENSEX 74800 CE 17 SEP 26,74800.0,CE,2026-09-17,2026-09-17 15:21:00+05:30,12.4,21.4,7.65,8.0,4318700,4082340
SENSEX 74800 CE 17 SEP 26,74800.0,CE,2026-09-17,2026-09-17 15:22:00+05:30,7.1,7.45,3.2,5.1,5967140,4082340
SENSEX 74800 CE 17 SEP 26,74800.0,CE,2026-09-17,2026-09-17 15:23:00+05:30,4.7,4.75,2.1,3.0,3122800,3918400
SENSEX 74800 CE 17 SEP 26,74800.0,CE,2026-09-17,2026-09-17 15:24:00+05:30,3.2,6.5,2.35,3.35,4089640,3918400
SENSEX 74800 CE 17 SEP 26,74800.0,CE,2026-09-17,2026-09-17 15:25:00+05:30,2.65,5.25,1.1,1.25,4915320,3918400
SENSEX 74800 CE 17 SEP 26,74800.0,CE,2026-09-17,2026-09-17 15:26:00+05:30,1.2,2.75,0.75,1.6,3538960,3771340
SENSEX 74800 CE 17 SEP 26,74800.0,CE,2026-09-17,2026-09-17 15:27:00+05:30,1.7,1.75,0.65,1.25,2170500,3771340
SENSEX 74800 CE 17 SEP 26,74800.0,CE,2026-09-17,2026-09-17 15:28:00+05:30,1.25,1.35,0.05,0.05,2330180,3083040
SENSEX 74800 CE 17 SEP 26,74800.0,CE,2026-09-17,2026-09-17 15:29:00+05:30,0.05,0.1,0.05,0.1,864620,3083040
SENSEX 74800 CE 17 SEP 26,74800.0,CE,2026-09-17,2026-09-17 15:30:00+05:30,0.05,0.1,0.05,0.05,915560,3083040
SENSEX 74800 PE 17 SEP 26,74800.0,PE,2026-09-17,2026-09-17 15:00:00+05:30,462.5,467.05,418.9,429.0,64120,262960
SENSEX 74800 PE 17 SEP 26,74800.0,PE,2026-09-17,2026-09-17 15:01:00+05:30,430.0,437.15,411.0,430.0,35060,260340
SENSEX 74800 PE 17 SEP 26,74800.0,PE,2026-09-17,2026-09-17 15:02:00+05:30,433.6,455.3,412.85,417.6,29940,260340
SENSEX 74800 PE 17 SEP 26,74800.0,PE,2026-09-17,2026-09-17 15:03:00+05:30,419.2,431.45,410.0,422.95,27380,260340
SENSEX 74800 PE 17 SEP 26,74800.0,PE,2026-09-17,2026-09-17 15:04:00+05:30,422.85,450.0,415.85,450.0,39740,260280
SENSEX 74800 PE 17 SEP 26,74800.0,PE,2026-09-17,2026-09-17 15:05:00+05:30,450.6,450.6,409.5,431.1,45080,260280
SENSEX 74800 PE 17 SEP 26,74800.0,PE,2026-09-17,2026-09-17 15:06:00+05:30,427.7,432.9,417.5,424.3,21460,260280
SENSEX 74800 PE 17 SEP 26,74800.0,PE,2026-09-17,2026-09-17 15:07:00+05:30,420.85,434.95,413.55,426.0,22880,264940
SENSEX 74800 PE 17 SEP 26,74800.0,PE,2026-09-17,2026-09-17 15:08:00+05:30,434.25,446.4,425.65,437.25,18220,264940
SENSEX 74800 PE 17 SEP 26,74800.0,PE,2026-09-17,2026-09-17 15:09:00+05:30,437.2,442.2,423.5,439.8,15160,259220
SENSEX 74800 PE 17 SEP 26,74800.0,PE,2026-09-17,2026-09-17 15:10:00+05:30,440.3,448.2,417.8,431.95,24200,259220
SENSEX 74800 PE 17 SEP 26,74800.0,PE,2026-09-17,2026-09-17 15:11:00+05:30,436.95,466.6,433.8,450.15,31780,259220
SENSEX 74800 PE 17 SEP 26,74800.0,PE,2026-09-17,2026-09-17 15:12:00+05:30,452.25,460.1,428.9,448.0,43500,255940
SENSEX 74800 PE 17 SEP 26,74800.0,PE,2026-09-17,2026-09-17 15:13:00+05:30,441.8,447.6,413.0,427.4,24400,255940
SENSEX 74800 PE 17 SEP 26,74800.0,PE,2026-09-17,2026-09-17 15:14:00+05:30,425.0,432.0,371.0,386.5,52760,255940
SENSEX 74800 PE 17 SEP 26,74800.0,PE,2026-09-17,2026-09-17 15:15:00+05:30,386.65,430.85,384.9,429.25,32720,245280
SENSEX 74800 PE 17 SEP 26,74800.0,PE,2026-09-17,2026-09-17 15:16:00+05:30,424.9,448.0,394.9,420.55,30160,245280
SENSEX 74800 PE 17 SEP 26,74800.0,PE,2026-09-17,2026-09-17 15:17:00+05:30,415.55,422.2,410.95,417.05,14300,245280
SENSEX 74800 PE 17 SEP 26,74800.0,PE,2026-09-17,2026-09-17 15:18:00+05:30,418.95,444.6,384.45,415.75,46500,249280
SENSEX 74800 PE 17 SEP 26,74800.0,PE,2026-09-17,2026-09-17 15:19:00+05:30,418.1,432.9,353.75,401.95,74660,249280
SENSEX 74800 PE 17 SEP 26,74800.0,PE,2026-09-17,2026-09-17 15:20:00+05:30,387.1,477.55,364.45,420.05,155700,245000
SENSEX 74800 PE 17 SEP 26,74800.0,PE,2026-09-17,2026-09-17 15:21:00+05:30,415.45,416.55,326.65,368.55,115420,245000
SENSEX 74800 PE 17 SEP 26,74800.0,PE,2026-09-17,2026-09-17 15:22:00+05:30,370.2,423.65,348.6,388.0,88520,245000
SENSEX 74800 PE 17 SEP 26,74800.0,PE,2026-09-17,2026-09-17 15:23:00+05:30,390.8,449.35,378.2,401.5,55560,229600
SENSEX 74800 PE 17 SEP 26,74800.0,PE,2026-09-17,2026-09-17 15:24:00+05:30,400.95,402.65,261.0,291.1,205040,229600
SENSEX 74800 PE 17 SEP 26,74800.0,PE,2026-09-17,2026-09-17 15:25:00+05:30,298.3,397.3,257.9,380.95,396860,229600
SENSEX 74800 PE 17 SEP 26,74800.0,PE,2026-09-17,2026-09-17 15:26:00+05:30,380.9,431.45,272.6,286.9,297480,193660
SENSEX 74800 PE 17 SEP 26,74800.0,PE,2026-09-17,2026-09-17 15:27:00+05:30,287.0,393.35,269.95,383.0,257940,193660
SENSEX 74800 PE 17 SEP 26,74800.0,PE,2026-09-17,2026-09-17 15:28:00+05:30,390.9,486.9,386.9,485.6,290740,195240
SENSEX 74800 PE 17 SEP 26,74800.0,PE,2026-09-17,2026-09-17 15:29:00+05:30,484.65,487.4,484.35,485.95,27300,195240
SENSEX 74800 PE 17 SEP 26,74800.0,PE,2026-09-17,2026-09-17 15:30:00+05:30,484.7,486.0,484.35,484.65,16380,195240
